wl,GreenBeetle,GolddBeetle,BlackBeetle
400,1.061590909,4.875909091,5.224090909
401,1.022099802,4.780454545,5.305849802
402,0.982608696,4.685,5.387608696
403,0.939258893,4.595340909,5.463008893
404,0.895909091,4.505681818,5.538409091
405,0.851541502,4.427623518,5.608443676
406,0.807173913,4.349565217,5.678478261
407,0.768359684,4.278418972,5.750602767
408,0.729545455,4.207272727,5.822727273
409,0.69770751,4.135592885,5.88951581
410,0.665869565,4.063913043,5.956304348
411,0.635889328,3.998661067,6.016106719
412,0.605909091,3.933409091,6.075909091
413,0.587193676,3.871704545,6.129258893
414,0.568478261,3.81,6.182608696
415,0.55708004,3.757954545,6.239486166
416,0.545681818,3.705909091,6.296363636
417,0.530449605,3.66784585,6.333290514
418,0.515217391,3.629782609,6.370217391
419,0.504767787,3.598073123,6.391472332
420,0.494318182,3.566363636,6.412727273
421,0.479333004,3.53937747,6.412994071
422,0.464347826,3.512391304,6.41326087
423,0.445543478,3.492282609,6.400652174
424,0.42673913,3.472173913,6.388043478
425,0.409782609,3.451195652,6.35826087
426,0.392826087,3.430217391,6.328478261
427,0.37173913,3.3975,6.278043478
428,0.350652174,3.364782609,6.227608696
429,0.333152174,3.337282609,6.176304348
430,0.315652174,3.309782609,6.125
431,0.302065217,3.276195652,6.049456522
432,0.288478261,3.242608696,5.973913043
433,0.275148221,3.210054348,5.894001976
434,0.261818182,3.1775,5.814090909
435,0.253735178,3.152771739,5.729980237
436,0.245652174,3.128043478,5.645869565
437,0.243962451,3.11118083,5.559412055
438,0.242272727,3.094318182,5.472954545
439,0.24048419,3.087376482,5.388759881
440,0.238695652,3.080434783,5.304565217
441,0.22576087,3.080108696,5.220108696
442,0.212826087,3.079782609,5.135652174
443,0.206630435,3.083804348,5.076630435
444,0.200434783,3.087826087,5.017608696
445,0.195217391,3.094456522,4.95076087
446,0.19,3.101086957,4.883913043
447,0.185,3.10423913,4.838478261
448,0.18,3.107391304,4.793043478
449,0.173695652,3.106304348,4.750652174
450,0.167391304,3.105217391,4.70826087
451,0.171082016,3.101017787,4.682198617
452,0.174772727,3.096818182,4.656136364
453,0.175538538,3.09416996,4.644589921
454,0.176304348,3.091521739,4.633043478
455,0.172826087,3.090326087,4.633043478
456,0.169347826,3.089130435,4.633043478
457,0.166086957,3.088369565,4.642608696
458,0.162826087,3.087608696,4.652173913
459,0.163804348,3.089891304,4.670326087
460,0.164782609,3.092173913,4.688478261
461,0.1675,3.096413043,4.703369565
462,0.170217391,3.100652174,4.71826087
463,0.175217391,3.107391304,4.73423913
464,0.180217391,3.114130435,4.750217391
465,0.183695652,3.1225,4.759891304
466,0.187173913,3.130869565,4.769565217
467,0.187826087,3.142065217,4.771630435
468,0.188478261,3.15326087,4.773695652
469,0.187608696,3.174565217,4.769782609
470,0.18673913,3.195869565,4.765869565
471,0.186195652,3.217282609,4.756956522
472,0.185652174,3.238695652,4.748043478
473,0.187934783,3.267391304,4.73
474,0.190217391,3.296086957,4.711956522
475,0.194900362,3.327522645,4.691811594
476,0.199583333,3.358958333,4.671666667
477,0.205878623,3.395457428,4.650289855
478,0.212173913,3.431956522,4.628913043
479,0.220869565,3.481956522,4.603804348
480,0.229565217,3.531956522,4.578695652
481,0.237608696,3.581847826,4.559347826
482,0.245652174,3.63173913,4.54
483,0.256630435,3.711847826,4.521956522
484,0.267608696,3.791956522,4.503913043
485,0.282934783,3.893586957,4.49326087
486,0.29826087,3.995217391,4.482608696
487,0.315326087,4.095978261,4.479021739
488,0.332391304,4.19673913,4.475434783
489,0.356847826,4.350108696,4.477391304
490,0.381304348,4.503478261,4.479347826
491,0.402826087,4.651521739,4.485869565
492,0.424347826,4.799565217,4.492391304
493,0.456195652,5.027173913,4.505217391
494,0.488043478,5.254782609,4.518043478
495,0.524347826,5.54576087,4.531086957
496,0.560652174,5.83673913,4.544130435
497,0.590869565,6.127173913,4.55423913
498,0.621086957,6.417608696,4.564347826
499,0.663043478,6.874021739,4.573478261
500,0.705,7.330434783,4.582608696
501,0.748229167,7.876571558,4.586304348
502,0.791458333,8.422708333,4.59
503,0.837685688,9.093854167,4.590543478
504,0.883913043,9.765,4.591086957
505,0.939565217,10.75380435,4.588478261
506,0.995217391,11.7426087,4.585869565
507,1.051150362,12.90047101,4.581580616
508,1.107083333,14.05833333,4.577291667
509,1.16745471,15.41112319,4.572993659
510,1.227826087,16.76391304,4.568695652
511,1.300652174,18.55391304,4.564130435
512,1.373478261,20.34391304,4.559565217
513,1.443093297,22.12372736,4.554470109
514,1.512708333,23.90354167,4.549375
515,1.585158514,25.73046649,4.5446875
516,1.657608696,27.5573913,4.54
517,1.743478261,29.55195652,4.537282609
518,1.829347826,31.54652174,4.534565217
519,1.91040308,33.19826087,4.535095109
520,1.991458333,34.85,4.535625
521,2.073990036,36.3676087,4.53857337
522,2.156521739,37.88521739,4.541521739
523,2.25,39.32902174,4.549021739
524,2.343478261,40.77282609,4.556521739
525,2.43017663,41.85880888,4.56357337
526,2.516875,42.94479167,4.570625
527,2.604850543,43.89304801,4.576942935
528,2.692826087,44.84130435,4.58326087
529,2.792065217,45.69945652,4.587608696
530,2.891304348,46.5576087,4.591956522
531,2.982214674,47.18422101,4.594103261
532,3.073125,47.81083333,4.59625
533,3.166671196,48.34922101,4.597690217
534,3.260217391,48.8876087,4.599130435
535,3.365326087,49.37163043,4.600434783
536,3.470434783,49.85565217,4.60173913
537,3.564904891,50.21418025,4.601807065
538,3.659375,50.57270833,4.601875
539,3.753383152,50.89113678,4.601589674
540,3.847391304,51.20956522,4.601304348
541,3.951304348,51.51608696,4.599130435
542,4.055217391,51.8226087,4.596956522
543,4.147400362,52.07495018,4.593999094
544,4.239583333,52.32729167,4.591041667
545,4.331313406,52.56766757,4.587477355
546,4.423043478,52.80804348,4.583913043
547,4.524021739,53.05782609,4.582934783
548,4.625,53.3076087,4.581956522
549,4.7146875,53.51047101,4.582749094
550,4.804375,53.71333333,4.583541667
551,4.9015625,53.9140625,4.583645833
552,4.99875,54.11479167,4.58375
553,5.084701087,54.27370018,4.584483696
554,5.170652174,54.4326087,4.585217391
555,5.254180254,54.56515851,4.587192029
556,5.337708333,54.69770833,4.589166667
557,5.429166667,54.82697917,4.59125
558,5.520625,54.95625,4.593333333
559,5.601399457,55.06116848,4.595471014
560,5.682173913,55.16608696,4.597608696
561,5.771195652,55.27293478,4.600978261
562,5.860217391,55.37978261,4.604347826
563,5.939379529,55.46978714,4.608111413
564,6.018541667,55.55979167,4.611875
565,6.106041667,55.65354167,4.618958333
566,6.193541667,55.74729167,4.626041667
567,6.271662138,55.81984149,4.632042572
568,6.349782609,55.8923913,4.638043478
569,6.427182971,55.93557065,4.644021739
570,6.504583333,55.97875,4.65
571,6.5890625,55.98645833,4.6565625
572,6.673541667,55.99416667,4.663125
573,6.754166667,55.95020833,4.667395833
574,6.834791667,55.90625,4.671666667
575,6.904461051,55.83725543,4.672898551
576,6.974130435,55.76826087,4.674130435
577,7.039356884,55.6842346,4.674461051
578,7.104583333,55.60020833,4.674791667
579,7.172604167,55.5090625,4.675208333
580,7.240625,55.41791667,4.675625
581,7.301354167,55.325,4.674895833
582,7.362083333,55.23208333,4.674166667
583,7.411911232,55.1377808,4.673387681
584,7.46173913,55.04347826,4.672608696
585,7.503994565,54.9096558,4.672658514
586,7.54625,54.77583333,4.672708333
587,7.583333333,54.59104167,4.673854167
588,7.620416667,54.40625,4.675
589,7.645416667,54.1990625,4.676875
590,7.670416667,53.991875,4.67875
591,7.68553442,53.81898098,4.684157609
592,7.700652174,53.64608696,4.689565217
593,7.707201087,53.53637681,4.699574275
594,7.71375,53.42666667,4.709583333
595,7.711666667,53.3546875,4.722083333
596,7.709583333,53.28270833,4.734583333
597,7.696354167,53.2403125,4.748229167
598,7.683125,53.19791667,4.761875
599,7.6553125,53.1446875,4.775104167
600,7.6275,53.09145833,4.788333333
601,7.593125,53.018125,4.7965625
602,7.55875,52.94479167,4.804791667
603,7.5009375,52.81041667,4.81125
604,7.443125,52.67604167,4.817708333
605,7.371354167,52.51364583,4.81875
606,7.299583333,52.35125,4.819791667
607,7.222083333,52.17770833,4.815729167
608,7.144583333,52.00416667,4.811666667
609,7.074270833,51.8196875,4.804479167
610,7.003958333,51.63520833,4.797291667
611,6.958645833,51.4759375,4.791041667
612,6.913333333,51.31666667,4.784791667
613,6.874375,51.09927083,4.7784375
614,6.835416667,50.881875,4.772083333
615,6.821666667,50.66,4.768541667
616,6.807916667,50.438125,4.765
617,6.8225,50.2496875,4.764375
618,6.837083333,50.06125,4.76375
619,6.877916667,49.92989583,4.765416667
620,6.91875,49.79854167,4.767083333
621,6.967708333,49.73010417,4.769791667
622,7.016666667,49.66166667,4.7725
623,7.09375,49.59854167,4.775416667
624,7.170833333,49.53541667,4.778333333
625,7.259270833,49.46333333,4.7809375
626,7.347708333,49.39125,4.783541667
627,7.4375,49.29020833,4.786041667
628,7.527291667,49.18916667,4.788541667
629,7.609583333,49.0790625,4.790729167
630,7.691875,48.96895833,4.792916667
631,7.7532375,48.89687917,4.795658333
632,7.8146,48.8248,4.7984
633,7.866258333,48.77365,4.802220833
634,7.917916667,48.7225,4.806041667
635,7.9546875,48.7046875,4.811041667
636,7.991458333,48.686875,4.816041667
637,8.003125,48.67947917,4.820416667
638,8.014791667,48.67208333,4.824791667
639,7.998958333,48.64,4.829791667
640,7.983125,48.60791667,4.834791667
641,7.939479167,48.54395833,4.838020833
642,7.895833333,48.48,4.84125
643,7.828516667,48.4237,4.842325
644,7.7612,48.3674,4.8434
645,7.6609,48.335,4.8455
646,7.5606,48.3026,4.8476
647,7.450820833,48.30557083,4.851091667
648,7.341041667,48.30854167,4.854583333
649,7.196041667,48.36,4.860208333
650,7.051041667,48.41145833,4.865833333
651,6.885625,48.4753125,4.874270833
652,6.720208333,48.53916667,4.882708333
653,6.541145833,48.58302083,4.891979167
654,6.362083333,48.626875,4.90125
655,6.177708333,48.64666667,4.908541667
656,5.993333333,48.66645833,4.915833333
657,5.827966667,48.68842917,4.922416667
658,5.6626,48.7104,4.929
659,5.4859,48.7625,4.9362
660,5.3092,48.8146,4.9434
661,5.1527,48.9179,4.9493
662,4.9962,49.0212,4.9552
663,4.876745833,49.15757917,4.9610375
664,4.757291667,49.29395833,4.966875
665,4.6625,49.48229167,4.975729167
666,4.567708333,49.670625,4.984583333
667,4.520833333,49.8603125,4.994375
668,4.473958333,50.05,5.004166667
669,4.4859375,50.22864583,5.015625
670,4.497916667,50.40729167,5.027083333
671,4.57375,50.58489583,5.040208333
672,4.649583333,50.7625,5.053333333
673,4.784091667,50.94215,5.065366667
674,4.9186,51.1218,5.0774
675,5.1345,51.3548,5.0909
676,5.3504,51.5878,5.1044
677,5.6498,51.8654,5.1179
678,5.9492,52.143,5.1314
679,6.3343,52.449,5.1439
680,6.7194,52.755,5.1564
681,7.1896,53.0663,5.1686
682,7.6598,53.3776,5.1808
683,8.2082,53.6809,5.1946
684,8.7566,53.9842,5.2084
685,9.3737,54.2769,5.2236
686,9.9908,54.5696,5.2388
687,10.58873333,54.830425,5.2534625
688,11.18666667,55.09125,5.268125
689,11.88854167,55.40604167,5.28625
690,12.59041667,55.72083333,5.304375
691,13.3078125,56.07354167,5.321875
692,14.02520833,56.42625,5.339375
693,14.74583333,56.8109375,5.355833333
694,15.46645833,57.195625,5.372291667
695,16.1746875,57.5984375,5.388333333
696,16.88291667,58.00125,5.404375
697,17.49365833,58.363325,5.4190875
698,18.1044,58.7254,5.4338
699,18.7521,59.1179,5.4505
700,19.3998,59.5104,5.4672
701,20.0088,59.8919,5.4865
702,20.6178,60.2734,5.5058
703,21.1802,60.6513,5.5269
704,21.7426,61.0292,5.548
705,22.2563,61.4076,5.5706
706,22.77,61.786,5.5932
707,23.2386,62.1646,5.6155
708,23.7072,62.5432,5.6378
709,24.1347,62.9145,5.6602
710,24.5622,63.2858,5.6826
711,24.9511,63.64,5.7054
712,25.34,63.9942,5.7282
713,25.6937,64.3254,5.7521
714,26.0474,64.6566,5.776
715,26.3716,64.9623,5.801
716,26.6958,65.268,5.826
717,26.9938,65.5484,5.8524
718,27.2918,65.8288,5.8788
719,27.5633,66.0872,5.9062
720,27.8348,66.3456,5.9336
721,28.0828,66.5893,5.9631
722,28.3308,66.833,5.9926
723,28.5604,67.0599,6.0222
724,28.79,67.2868,6.0518
725,29.0022,67.4928,6.0809
726,29.2144,67.6988,6.11
727,29.4109,67.8877,6.1396
728,29.6074,68.0766,6.1692
729,29.7942,68.2543,6.1994
730,29.981,68.432,6.2296
731,30.1568,68.5995,6.2609
732,30.3326,68.767,6.2922
733,30.4961,68.9263,6.3264
734,30.6596,69.0856,6.3606
735,30.8132,69.2426,6.3947
736,30.9668,69.3996,6.4288
737,31.1121,69.5528,6.4634
738,31.2574,69.706,6.498
739,31.3906,69.8544,6.5348
740,31.5238,70.0028,6.5716
741,31.6478,70.145,6.6057
742,31.7718,70.2872,6.6398
743,31.89,70.4284,6.6726
744,32.0082,70.5696,6.7054
745,32.1224,70.721,6.7416
746,32.2366,70.8724,6.7778
747,32.36108846,71.06148846,6.820726923
748,32.48557692,71.25057692,6.863653846
749,32.60067308,71.43846154,6.905
750,32.71576923,71.62634615,6.946346154
751,32.83125,71.8275,6.989807692
752,32.94673077,72.02865385,7.033269231
753,33.05894231,72.235,7.07625
754,33.17115385,72.44134615,7.119230769
755,33.27519231,72.63317308,7.162980769
756,33.37923077,72.825,7.206730769
757,33.48011538,73.0116,7.254865385
758,33.581,73.1982,7.303
759,33.6581,73.3436,7.342
760,33.7352,73.489,7.381
761,33.8065,73.6202,7.4182
762,33.8778,73.7514,7.4554
763,33.9475,73.8743,7.4936
764,34.0172,73.9972,7.5318
765,34.0866,74.1202,7.5703
766,34.156,74.2432,7.6088
767,34.2277,74.3683,7.6502
768,34.2994,74.4934,7.6916
769,34.3732,74.6169,7.7382
770,34.447,74.7404,7.7848
771,34.52561538,74.86991154,7.840861538
772,34.60423077,74.99942308,7.896923077
773,34.67336538,75.10913462,7.949423077
774,34.7425,75.21884615,8.001923077
775,34.81105769,75.32192308,8.05375
776,34.87961538,75.425,8.105576923
777,34.94817308,75.52230769,8.156634615
778,35.01673077,75.61961538,8.207692308
779,35.08634615,75.70759615,8.259807692
780,35.15596154,75.79557692,8.311923077
781,35.23808077,75.88498846,8.372461538
782,35.3202,75.9744,8.433
783,35.3973,76.0478,8.491
784,35.4744,76.1212,8.549
785,35.55796923,76.17906154,8.613153846
786,35.64153846,76.23692308,8.677307692
787,35.71923077,76.27317308,8.737307692
788,35.79692308,76.30942308,8.797307692
789,35.87403846,76.33903846,8.85875
790,35.95115385,76.36865385,8.920192308
791,36.02211538,76.38961538,8.978557692
792,36.09307692,76.41057692,9.036923077
793,36.16182692,76.42807692,9.093942308
794,36.23057692,76.44557692,9.150961538
795,36.30738846,76.46628846,9.217480769
796,36.3842,76.487,9.284
797,36.45661923,76.49638462,9.352961538
798,36.52903846,76.50576923,9.421923077
799,36.59336538,76.50134615,9.483173077
800,36.65769231,76.49692308,9.544423077
801,36.72538462,76.48067308,9.605961538
802,36.79307692,76.46442308,9.6675
803,36.86153846,76.43384615,9.730384615
804,36.93,76.40326923,9.793269231
805,36.99788462,76.36278846,9.857596154
806,37.06576923,76.32230769,9.921923077
807,37.13968462,76.27085385,9.993661538
808,37.2136,76.2194,10.0654
809,37.28151154,76.15373846,10.13846923
810,37.34942308,76.08807692,10.21153846
811,37.40423077,76.02028846,10.28048077
812,37.45903846,75.9525,10.34942308
813,37.50961538,75.87798077,10.41971154
814,37.56019231,75.80346154,10.49
815,37.60807692,75.72432692,10.56288462
816,37.65596154,75.64519231,10.63576923
817,37.70779558,75.56315171,10.71584758
818,37.75962963,75.48111111,10.79592593
819,37.80798789,75.40584402,10.87738604
820,37.85634615,75.33057692,10.95884615
821,37.89769231,75.27355769,11.03528846
822,37.93903846,75.21653846,11.11173077
823,37.98201923,75.17019231,11.18875
824,38.025,75.12384615,11.26576923
825,38.06884615,75.08634615,11.34009615
826,38.11269231,75.04884615,11.41442308
827,38.16548077,75.01817308,11.50673077
828,38.21826923,74.9875,11.59903846
829,38.26788462,74.97259615,11.67721154
830,38.3175,74.95769231,11.75538462
831,38.37740385,74.94701923,11.83355769
832,38.43730769,74.93634615,11.91173077
833,38.51069088,74.94021011,12.0043839
834,38.58407407,74.94407407,12.09703704
835,38.65166667,74.96805556,12.18527778
836,38.71925926,74.99203704,12.27351852
837,38.79568732,75.02765313,12.36925926
838,38.87211538,75.06326923,12.465
839,38.94048077,75.10317308,12.55269231
840,39.00884615,75.14307692,12.64038462
841,39.075349,75.18635328,12.73676638
842,39.14185185,75.22962963,12.83314815
843,39.20246439,75.26750712,12.92647792
844,39.26307692,75.30538462,13.01980769
845,39.31490385,75.325,13.10625
846,39.36673077,75.34461538,13.19269231
847,39.4169765,75.36369658,13.2882906
848,39.46722222,75.38277778,13.38388889
849,39.51259259,75.40064815,13.4662037
850,39.55796296,75.41851852,13.54851852
851,39.60542379,75.4427208,13.63916311
852,39.65288462,75.46692308,13.72980769
853,39.68605769,75.48442308,13.81423077
854,39.71923077,75.50192308,13.89865385
855,39.7481339,75.50170228,13.99219729
856,39.77703704,75.50148148,14.08574074
857,39.81130698,75.49535613,14.17690883
858,39.84557692,75.48923077,14.26807692
859,39.87721154,75.47576923,14.35375
860,39.90884615,75.46230769,14.43942308
861,39.940349,75.43143162,14.53610043
862,39.97185185,75.40055556,14.63277778
863,40.00166667,75.36314815,14.72453704
864,40.03148148,75.32574074,14.8162963
865,40.07537037,75.29009259,14.92953704
866,40.11925926,75.25444444,15.04277778
867,40.15314815,75.21638889,15.13444444
868,40.18703704,75.17833333,15.22611111
869,40.21435185,75.1187037,15.31490741
870,40.24166667,75.05907407,15.4037037
871,40.27731481,74.97074074,15.51425926
872,40.31296296,74.88240741,15.62481481
873,40.34842593,74.80324074,15.71731481
874,40.38388889,74.72407407,15.80981481
875,40.42088675,74.62222934,15.90644587
876,40.45788462,74.52038462,16.00307692
877,40.49097934,74.41093305,16.10968661
878,40.52407407,74.30148148,16.2162963
879,40.55611111,74.21462963,16.31805556
880,40.58814815,74.12777778,16.41981481
881,40.62138889,74.0337963,16.53407407
882,40.65462963,73.93981481,16.64833333
883,40.67231481,73.85962963,16.73990741
884,40.69,73.77944444,16.83148148
885,40.70361111,73.6925,16.91777778
886,40.71722222,73.60555556,17.00407407
887,40.73324074,73.48509259,17.10055556
888,40.74925926,73.36462963,17.19703704
889,40.76203704,73.24425926,17.28037037
890,40.77481481,73.12388889,17.3637037
891,40.79537037,72.96490741,17.47425926
892,40.81592593,72.80592593,17.58481481
893,40.83861111,72.67222222,17.67972222
894,40.8612963,72.53851852,17.77462963
895,40.88957672,72.40041997,17.87883267
896,40.91785714,72.26232143,17.98303571
897,40.94661376,72.13097553,18.08883267
898,40.97537037,71.99962963,18.19462963
899,40.99490741,71.88092593,18.29231481
900,41.01444444,71.76222222,18.39
901,41.0275,71.61851852,18.49972222
902,41.04055556,71.47481481,18.60944444
903,41.04972222,71.35722222,18.68925926
904,41.05888889,71.23962963,18.76907407
905,41.06175926,71.08731481,18.87296296
906,41.06462963,70.935,18.97685185
907,41.07074074,70.80324074,19.06601852
908,41.07685185,70.67148148,19.15518519
909,41.0954795,70.53770503,19.24696759
910,41.11410714,70.40392857,19.33875
911,41.13177579,70.27724206,19.43863426
912,41.14944444,70.15055556,19.53851852
913,41.16650794,70.01911706,19.65291997
914,41.18357143,69.88767857,19.76732143
915,41.20984127,69.76532077,19.87310516
916,41.23611111,69.64296296,19.97888889
917,41.26037698,69.54174934,20.0772123
918,41.28464286,69.44053571,20.17553571
919,41.30315476,69.33304563,20.27730489
920,41.32166667,69.22555556,20.37907407
921,41.33431548,69.11429563,20.48328704
922,41.34696429,69.00303571,20.5875
923,41.35746362,68.91466601,20.69152778
924,41.36796296,68.8262963,20.79555556
925,41.38085648,68.74368386,20.89965278
926,41.39375,68.66107143,21.00375
927,41.39511574,68.5545172,21.1030787
928,41.39648148,68.44796296,21.20240741
929,41.38770503,68.33335648,21.29272156
930,41.37892857,68.21875,21.38303571
931,41.36473214,68.10196429,21.47598214
932,41.35053571,67.98517857,21.56892857
933,41.32705357,67.87901786,21.62946429
934,41.30357143,67.77285714,21.69
935,41.26178571,67.61848214,21.73517857
936,41.22,67.46410714,21.78035714
937,41.19035714,67.34053571,21.815625
938,41.16071429,67.21696429,21.85089286
939,41.13205357,67.12544643,21.91803571
940,41.10339286,67.03392857,21.98517857
941,41.07530754,66.95687169,22.04805225
942,41.04722222,66.87981481,22.11092593
943,41.0230754,66.79124669,22.16412368
944,40.99892857,66.70267857,22.21732143
945,40.99392857,66.65982143,22.29758929
946,40.98892857,66.61696429,22.37785714
947,40.99616071,66.57125,22.49526786
948,41.00339286,66.52553571,22.61267857
949,41.01098214,66.39375,22.77482143
950,41.01857143,66.26196429,22.93696429
951,41.04964286,66.15419643,23.05839286
952,41.08071429,66.04642857,23.17982143
953,41.12598214,65.90178571,23.31107143
954,41.17125,65.75714286,23.44232143
955,41.17625,65.56053571,23.54919643
956,41.18125,65.36392857,23.65607143
957,41.16732143,65.23339286,23.71714286
958,41.15339286,65.10285714,23.77821429
959,41.12375,64.99276786,23.83794643
960,41.09410714,64.88267857,23.89767857
961,41.04696736,64.77677032,23.9577186
962,40.99982759,64.67086207,24.01775862
963,40.94196736,64.57427032,24.08477217
964,40.88410714,64.47767857,24.15178571
965,40.83089286,64.39973214,24.25955357
966,40.77767857,64.32178571,24.36732143
967,40.74918411,64.28744458,24.45529865
968,40.72068966,64.25310345,24.54327586
969,40.68498768,64.22699815,24.57538793
970,40.64928571,64.20089286,24.6075
971,40.55794643,64.16946429,24.653125
972,40.46660714,64.13803571,24.69875
973,40.42425185,64.0845351,24.78420259
974,40.38189655,64.03103448,24.86965517
975,40.34353448,63.96189655,24.93801724
976,40.30517241,63.89275862,25.00637931
977,40.22678264,63.81780788,25.05622537
978,40.14839286,63.74285714,25.10607143
979,40.1026447,63.65573892,25.16950123
980,40.05689655,63.56862069,25.23293103
981,40.01568966,63.45258621,25.24612069
982,39.97448276,63.33655172,25.25931034
983,39.88822352,63.22640086,25.2513516
984,39.80196429,63.11625,25.24339286
985,39.71026786,62.99008929,25.24044643
986,39.61857143,62.86392857,25.2375
987,39.60971675,62.7709298,25.22409483
988,39.60086207,62.67793103,25.21068966
989,39.54594828,62.5587931,25.19017241
990,39.49103448,62.43965517,25.16965517
991,39.4545351,62.34518473,25.24009544
992,39.41803571,62.25071429,25.31053571
993,39.42013855,62.23535714,25.40966441
994,39.42224138,62.22,25.5087931
995,39.52502069,62.23025385,25.57858501
996,39.6278,62.24050769,25.64837692
997,39.724775,62.21074194,25.75702775
998,39.82175,62.18097619,25.86567857
999,40.16759375,62.19254692,26.11121245
1000,40.5134375,62.20411765,26.35674632
1001,40.95567708,62.25699472,26.5349597
1002,41.39791667,62.30987179,26.71317308
1003,42.48145833,62.35801625,27.04850618
1004,43.565,62.40616071,27.38383929
1005,43.92291667,62.45183036,27.60275298
1006,44.28083333,62.4975,27.82166667
1007,44.27934524,62.44839286,27.94619048
1008,44.27785714,62.39928571,28.07071429
1009,44.27642857,62.35089286,28.19494048
1010,44.275,62.3025,28.31916667
1011,44.27375,62.27208333,28.4025
1012,44.2725,62.24166667,28.48583333
1013,44.27166667,62.21291667,28.56875
1014,44.27083333,62.18416667,28.65166667
1015,44.27041667,62.15666667,28.73458333
1016,44.27,62.12916667,28.8175
1017,44.26875,62.07708333,28.98458333
1018,44.2675,62.025,29.15166667
1019,44.26625,62.00041667,29.23458333
1020,44.265,61.97583333,29.3175
1021,44.26375,61.9525,29.40041667
1022,44.2625,61.92916667,29.48333333
1023,44.26208333,61.90583333,29.56708333
1024,44.26166667,61.8825,29.65083333
1025,44.26261905,61.84982143,29.77613095
1026,44.26357143,61.81714286,29.90142857
1027,44.26470238,61.78482143,30.02654762
1028,44.26583333,61.7525,30.15166667
1029,44.26708333,61.73208333,30.23541667
1030,44.26833333,61.71166667,30.31916667
1031,44.26958333,61.69208333,30.4025
1032,44.27083333,61.6725,30.48583333
1033,44.27184524,61.64517857,30.61041667
1034,44.27285714,61.61785714,30.735
1035,44.27434524,61.59059524,30.85916667
1036,44.27583333,61.56333333,30.98333333
1037,44.27666667,61.54666667,31.06666667
1038,44.2775,61.53,31.15
1039,44.27833333,61.51416667,31.23291667
1040,44.27916667,61.49833333,31.31583333
1041,44.27994048,61.47559524,31.44005952
1042,44.28071429,61.45285714,31.56428571
1043,44.28160714,61.43017857,31.68797619
1044,44.2825,61.4075,31.81166667
1045,44.28125,61.39291667,31.89333333
1046,44.28,61.37833333,31.975
1047,44.27916667,61.36416667,32.05541667
1048,44.27833333,61.35,32.13583333
1049,44.27666667,61.33,32.25505952
1050,44.275,61.31,32.37428571
1051,44.27333333,61.28958333,32.49214286
1052,44.27166667,61.26916667,32.61
1053,44.27083333,61.25625,32.68791667
1054,44.27,61.24333333,32.76583333
1055,44.26958333,61.23125,32.84333333
1056,44.26916667,61.21916667,32.92083333
1057,44.26958333,61.20136905,33.03684524
1058,44.27,61.18357143,33.15285714
1059,44.27041667,61.16636905,33.2685119
1060,44.27083333,61.14916667,33.38416667
1061,44.27166667,61.13833333,33.46125
1062,44.2725,61.1275,33.53833333
1063,44.27416667,61.1175,33.61541667
1064,44.27583333,61.1075,33.6925
1065,44.27791667,61.09708333,33.76958333
1066,44.28,61.08666667,33.84666667
1067,44.2825,61.06541667,33.99958333
1068,44.285,61.04416667,34.1525
1069,44.28625,61.03291667,34.22833333
1070,44.2875,61.02166667,34.30416667
1071,44.28833333,61.01041667,34.38
1072,44.28916667,60.99916667,34.45583333
1073,44.28916667,60.9875,34.53125
1074,44.28916667,60.97583333,34.60666667
1075,44.28815476,60.95791667,34.7172619
1076,44.28714286,60.94,34.82785714
1077,44.2864881,60.92166667,34.93767857
1078,44.28583333,60.90333333,35.0475
1079,44.285,60.89,35.12
1080,44.28416667,60.87666667,35.1925
1081,44.28166667,60.8625,35.26416667
1082,44.27916667,60.84833333,35.33583333
1083,44.27494048,60.82595238,35.44184524
1084,44.27071429,60.80357143,35.54785714
1085,44.26619048,60.78136905,35.6547619
1086,44.26166667,60.75916667,35.76166667
1087,44.25833333,60.74458333,35.83208333
1088,44.255,60.73,35.9025
1089,44.25208333,60.715,35.97291667
1090,44.24916667,60.7,36.04333333
1091,44.24494048,60.67785714,36.14809524
1092,44.24071429,60.65571429,36.25285714
1093,44.23619048,60.63327381,36.35767857
1094,44.23166667,60.61083333,36.4625
1095,44.22833333,60.595,36.53208333
1096,44.225,60.57916667,36.60166667
1097,44.22041667,60.56333333,36.67125
1098,44.21583333,60.5475,36.74083333
1099,44.20827381,60.52375,36.84291667
1100,44.20071429,60.5,36.945
1101,44.19327381,60.47541667,37.04625
1102,44.18583333,60.45083333,37.1475
1103,44.17958333,60.43375,37.2125
1104,44.17333333,60.41666667,37.2775
1105,44.16666667,60.39875,37.34125
1106,44.16,60.38083333,37.405
1107,44.14928571,60.35220238,37.4975
1108,44.13857143,60.32357143,37.59
1109,44.12720238,60.29345238,37.68125
1110,44.11583333,60.26333333,37.7725
1111,44.1075,60.24166667,37.83208333
1112,44.09916667,60.22,37.89166667
1113,44.09041667,60.1975,37.94958333
1114,44.08166667,60.175,38.0075
1115,44.0725,60.15125,38.06416667
1116,44.06333333,60.1275,38.12083333
1117,44.04041667,60.07291667,38.23083333
1118,44.0175,60.01833333,38.34083333
1119,44.0025,59.9875,38.39333333
1120,43.9875,59.95666667,38.44583333
1121,43.97,59.92333333,38.49666667
1122,43.9525,59.89,38.5475
1123,43.9325,59.85291667,38.5975
1124,43.9125,59.81583333,38.6475
1125,43.87517857,59.75220238,38.71767857
1126,43.83785714,59.68857143,38.78785714
1127,43.7972619,59.62136905,38.85684524
1128,43.75666667,59.55416667,38.92583333
1129,43.72583333,59.50458333,38.96916667
1130,43.695,59.455,39.0125
1131,43.6625,59.40291667,39.055
1132,43.63,59.35083333,39.0975
1133,43.58035714,59.27041667,39.15839286
1134,43.53071429,59.19,39.21928571
1135,43.48160714,59.10875,39.27964286
1136,43.4325,59.0275,39.34
1137,43.40125,58.97458333,39.37916667
1138,43.37,58.92166667,39.41833333
1139,43.34041667,58.86916667,39.4575
1140,43.31083333,58.81666667,39.49666667
1141,43.26791667,58.74083333,39.55511905
1142,43.225,58.665,39.61357143
1143,43.18333333,58.59041667,39.67220238
1144,43.14166667,58.51583333,39.73083333
1145,43.11416667,58.46708333,39.76958333
1146,43.08666667,58.41833333,39.80833333
1147,43.05916667,58.36916667,39.84666667
1148,43.03166667,58.32,39.885
1149,42.98869048,58.24428571,39.93928571
1150,42.94571429,58.16857143,39.99357143
1151,42.90119048,58.09095238,40.04553571
1152,42.85666667,58.01333333,40.0975
1153,42.82333333,57.95791667,40.12958333
1154,42.79,57.9025,40.16166667
1155,42.75458333,57.84416667,40.19125
1156,42.71916667,57.78583333,40.22083333
1157,42.6610119,57.69291667,40.26005952
1158,42.60285714,57.6,40.29928571
1159,42.54309524,57.50541667,40.33714286
1160,42.48333333,57.41083333,40.375
1161,42.4425,57.34583333,40.39833333
1162,42.40166667,57.28083333,40.42166667
1163,42.36166667,57.21583333,40.44375
1164,42.32166667,57.15083333,40.46583333
1165,42.26297619,57.0564881,40.49827381
1166,42.20428571,56.96214286,40.53071429
1167,42.14714286,56.86940476,40.56369048
1168,42.09,56.77666667,40.59666667
1169,42.05375,56.71833333,40.61958333
1170,42.0175,56.66,40.6425
1171,41.98291667,56.60458333,40.66666667
1172,41.94833333,56.54916667,40.69083333
1173,41.90095238,56.47386905,40.73184524
1174,41.85357143,56.39857143,40.77285714
1175,41.80886905,56.32720238,40.81684524
1176,41.76416667,56.25583333,40.86083333
1177,41.7375,56.21416667,40.89333333
1178,41.71083333,56.1725,40.92583333
1179,41.68666667,56.13541667,40.96
1180,41.6625,56.09833333,40.99416667
1181,41.63303571,56.05345238,41.05136905
1182,41.60357143,56.00857143,41.10857143
1183,41.57803571,55.96928571,41.16845238
1184,41.5525,55.93,41.22833333
1185,41.54,55.91208333,41.2725
1186,41.5275,55.89416667,41.31666667
1187,41.51916667,55.88125,41.36375
1188,41.51083333,55.86833333,41.41083333
1189,41.50720238,55.85916667,41.48684524
1190,41.50357143,55.85,41.56285714
1191,41.50386905,55.84583333,41.64142857
1192,41.50416667,55.84166667,41.72
1193,41.50875,55.84458333,41.77375
1194,41.51333333,55.8475,41.8275
1195,41.52083333,55.8525,41.88083333
1196,41.52833333,55.8575,41.93416667
1197,41.54202381,55.86767857,42.01386905
1198,41.55571429,55.87785714,42.09357143
1199,41.56952381,55.88892857,42.17261905
1200,41.58333333,55.9,42.25166667
1201,41.59291667,55.90708333,42.30208333
1202,41.6025,55.91416667,42.3525
1203,41.61208333,55.92041667,42.40166667
1204,41.62166667,55.92666667,42.45083333
1205,41.63125,55.93291667,42.49791667
1206,41.64083333,55.93916667,42.545
1207,41.66125,55.9525,42.63458333
1208,41.68166667,55.96583333,42.72416667
1209,41.69333333,55.97333333,42.76666667
1210,41.705,55.98083333,42.80916667
1211,41.71583333,55.98958333,42.85125
1212,41.72666667,55.99833333,42.89333333
1213,41.73791667,56.00833333,42.93583333
1214,41.74916667,56.01833333,42.97833333
1215,41.76886905,56.03738095,43.0427381
1216,41.78857143,56.05642857,43.10714286
1217,41.80845238,56.07654762,43.17107143
1218,41.82833333,56.09666667,43.235
1219,41.84208333,56.11208333,43.27791667
1220,41.85583333,56.1275,43.32083333
1221,41.87083333,56.14333333,43.36375
1222,41.88583333,56.15916667,43.40666667
1223,41.90720238,56.18315476,43.47011905
1224,41.92857143,56.20714286,43.53357143
1225,41.94845238,56.2302381,43.59678571
1226,41.96833333,56.25333333,43.66
1227,41.97916667,56.2675,43.7025
1228,41.99,56.28166667,43.745
1229,42,56.295,43.7875
1230,42.01,56.30833333,43.83
1231,42.02142857,56.3252381,43.89285714
1232,42.03285714,56.34214286,43.95571429
1233,42.04267857,56.35815476,44.01869048
1234,42.0525,56.37416667,44.08166667
1235,42.05791667,56.38291667,44.12375
1236,42.06333333,56.39166667,44.16583333
1237,42.06916667,56.40041667,44.20791667
1238,42.075,56.40916667,44.25
1239,42.08285714,56.42065476,44.31214286
1240,42.09071429,56.43214286,44.37428571
1241,42.09827381,56.4427381,44.43589286
1242,42.10583333,56.45333333,44.4975
1243,42.11208333,56.45833333,44.53708333
1244,42.11833333,56.46333333,44.57666667
1245,42.12416667,56.46833333,44.615
1246,42.13,56.47333333,44.65333333
1247,42.13964286,56.47630952,44.70630952
1248,42.14928571,56.47928571,44.75928571
1249,42.15839286,56.48047619,44.81130952
1250,42.1675,56.48166667,44.86333333
1251,42.17291667,56.48,44.89458333
1252,42.17833333,56.47833333,44.92583333
1253,42.18166667,56.475,44.95583333
1254,42.185,56.47166667,44.98583333
1255,42.18607143,56.46154762,45.02720238
1256,42.18714286,56.45142857,45.06857143
1257,42.18607143,56.44029762,45.10886905
1258,42.185,56.42916667,45.14916667
1259,42.18166667,56.41958333,45.175
1260,42.17833333,56.41,45.20083333
1261,42.17416667,56.4,45.22708333
1262,42.17,56.39,45.25333333
1263,42.16142857,56.37321429,45.29130952
1264,42.15285714,56.35642857,45.32928571
1265,42.14392857,56.33946429,45.36714286
1266,42.135,56.3225,45.405
1267,42.12875,56.31083333,45.42958333
1268,42.1225,56.29916667,45.45416667
1269,42.11666667,56.2875,45.47916667
1270,42.11083333,56.27583333,45.50416667
1271,42.10470238,56.26077381,45.54315476
1272,42.09857143,56.24571429,45.58214286
1273,42.09345238,56.23160714,45.6214881
1274,42.08833333,56.2175,45.66083333
1275,42.08666667,56.21041667,45.68916667
1276,42.085,56.20333333,45.7175
1277,42.08375,56.19708333,45.74666667
1278,42.0825,56.19083333,45.77583333
1279,42.08160714,56.18327381,45.81970238
1280,42.08071429,56.17571429,45.86357143
1281,42.07910714,56.16910714,45.90886905
1282,42.0775,56.1625,45.95416667
1283,42.07666667,56.15958333,45.98583333
1284,42.07583333,56.15666667,46.0175
1285,42.07458333,56.15333333,46.04875
1286,42.07333333,56.15,46.08
1287,42.07095238,56.14464286,46.12571429
1288,42.06857143,56.13928571,46.17142857
1289,42.06553571,56.13339286,46.21654762
1290,42.0625,56.1275,46.26166667
1291,42.05958333,56.12166667,46.28875
1292,42.05666667,56.11583333,46.31583333
1293,42.05083333,56.10363095,46.35255952
1294,42.045,56.09142857,46.38928571
1295,42.04107143,56.08285714,46.4125
1296,42.03714286,56.07428571,46.43571429
1297,42.0302381,56.06005952,46.46952381
1298,42.02333333,56.04583333,46.50333333
1299,42.01791667,56.035,46.52375
1300,42.0125,56.02416667,46.54416667
1301,42.00339286,56.00672619,46.57315476
1302,41.99428571,55.98928571,46.60214286
1303,41.98380952,55.97130952,46.6302381
1304,41.97333333,55.95333333,46.65833333
1305,41.96458333,55.94,46.67625
1306,41.95583333,55.92666667,46.69416667
1307,41.94583333,55.9125,46.71125
1308,41.93583333,55.89833333,46.72833333
1309,41.92005952,55.87488095,46.7527381
1310,41.90428571,55.85142857,46.77714286
1311,41.88755952,55.82654762,46.80065476
1312,41.87083333,55.80166667,46.82416667
1313,41.85958333,55.78291667,46.83875
1314,41.84833333,55.76416667,46.85333333
1315,41.83583333,55.74416667,46.86666667
1316,41.82333333,55.72416667,46.88
1317,41.80309524,55.68958333,46.89642857
1318,41.78285714,55.655,46.91285714
1319,41.76017857,55.61916667,46.92767857
1320,41.7375,55.58333333,46.9425
1321,41.72041667,55.55625,46.94958333
1322,41.70333333,55.52916667,46.95666667
1323,41.68458333,55.50041667,46.96166667
1324,41.66583333,55.47166667,46.96666667
1325,41.63577381,55.42404762,46.96797619
1326,41.60571429,55.37642857,46.96928571
1327,41.57285714,55.32696429,46.96755952
1328,41.54,55.2775,46.96583333
1329,41.51666667,55.24041667,46.96125
1330,41.49333333,55.20333333,46.95666667
1331,41.46708333,55.16416667,46.94875
1332,41.44083333,55.125,46.94083333
1333,41.39505952,55.06,46.9214881
1334,41.34928571,54.995,46.90214286
1335,41.29964286,54.92583333,46.87940476
1336,41.25,54.85666667,46.85666667
1337,41.2125,54.80458333,46.83583333
1338,41.175,54.7525,46.815
1339,41.13458333,54.69708333,46.79
1340,41.09416667,54.64166667,46.765
1341,41.02779762,54.55119048,46.72
1342,40.96142857,54.46071429,46.675
1343,40.89196429,54.36702381,46.62625
1344,40.8225,54.27333333,46.5775
1345,40.77375,54.20791667,46.54166667
1346,40.725,54.1425,46.50583333
1347,40.67458333,54.07708333,46.46875
1348,40.62416667,54.01166667,46.43166667
1349,40.54779762,53.91547619,46.37654762
1350,40.47142857,53.81928571,46.32142857
1351,40.39613095,53.72422619,46.26696429
1352,40.32083333,53.62916667,46.2125
1353,40.27333333,53.56916667,46.17875
1354,40.22583333,53.50916667,46.145
1355,40.18083333,53.45208333,46.11333333
1356,40.13583333,53.395,46.08166667
1357,40.07541667,53.31357143,46.04083333
1358,40.015,53.23214286,46
1359,39.95708333,53.15315476,45.96125
1360,39.89916667,53.07416667,45.9225
1361,39.86375,53.02416667,45.90041667
1362,39.82833333,52.97416667,45.87833333
1363,39.79458333,52.92458333,45.85791667
1364,39.76083333,52.875,45.8375
1365,39.71113095,52.80107143,45.80696429
1366,39.66142857,52.72714286,45.77642857
1367,39.61196429,52.6539881,45.74613095
1368,39.5625,52.58083333,45.71583333
1369,39.53,52.53208333,45.69416667
1370,39.4975,52.48333333,45.6725
1371,39.44625,52.40666667,45.63303571
1372,39.395,52.33,45.59357143
1373,39.35928571,52.27642857,45.56464286
1374,39.32357143,52.22285714,45.53571429
1375,39.26720238,52.1397619,45.48744048
1376,39.21083333,52.05666667,45.43916667
1377,39.16916667,51.99458333,45.39958333
1378,39.1275,51.9325,45.36
1379,39.05732143,51.82517857,45.29035714
1380,38.98714286,51.71785714,45.22071429
1381,38.9139881,51.60434524,45.14494048
1382,38.84083333,51.49083333,45.06916667
1383,38.78833333,51.40583333,45.01
1384,38.73583333,51.32083333,44.95083333
1385,38.6825,51.22875,44.88625
1386,38.62916667,51.13666667,44.82166667
1387,38.54208333,50.98511905,44.71440476
1388,38.455,50.83357143,44.60714286
1389,38.36625,50.67595238,44.49357143
1390,38.2775,50.51833333,44.38
1391,38.215,50.40416667,44.29708333
1392,38.1525,50.29,44.21416667
1393,38.08625,50.17083333,44.12625
1394,38.02,50.05166667,44.03833333
1395,37.91321429,49.86047619,43.89309524
1396,37.80642857,49.66928571,43.74785714
1397,37.69738095,49.47214286,43.59434524
1398,37.58833333,49.275,43.44083333
1399,37.50916667,49.135,43.32791667
1400,37.43,48.995,43.215
1401,37.34625,48.85083333,43.09625
1402,37.2625,48.70666667,42.9775
1403,37.13053571,48.48154762,42.78875
1404,36.99857143,48.25642857,42.6
1405,36.86511905,48.02863095,42.4075
1406,36.73166667,47.80083333,42.215
1407,36.64083333,47.64625,42.08416667
1408,36.55,47.49166667,41.95333333
1409,36.4175,47.26369048,41.75988095
1410,36.285,47.03571429,41.56642857
1411,36.19892857,46.8875,41.44
1412,36.11285714,46.73928571,41.31357143
1413,35.9872619,46.52172619,41.12845238
1414,35.86166667,46.30416667,40.94333333
1415,35.78083333,46.16833333,40.82833333
1416,35.7,46.0325,40.71333333
1417,35.58892857,45.84732143,40.55595238
1418,35.47785714,45.66214286,40.39857143
1419,35.37059524,45.48607143,40.24845238
1420,35.26333333,45.31,40.09833333
1421,35.19791667,45.20375,40.00958333
1422,35.1325,45.0975,39.92083333
1423,35.07041667,44.99833333,39.83791667
1424,35.00833333,44.89916667,39.755
1425,34.92380952,44.76779762,39.64392857
1426,34.83928571,44.63642857,39.53285714
1427,34.75755952,44.51238095,39.42892857
1428,34.67583333,44.38833333,39.325
1429,34.62625,44.315,39.26375
1430,34.57666667,44.24166667,39.2025
1431,34.53,44.17416667,39.14666667
1432,34.48333333,44.10666667,39.09083333
1433,34.42202381,44.01761905,39.01791667
1434,34.36071429,43.92857143,38.945
1435,34.30285714,43.84470238,38.87666667
1436,34.245,43.76083333,38.80833333
1437,34.21125,43.71083333,38.76791667
1438,34.1775,43.66083333,38.7275
1439,34.12946429,43.59184524,38.67232143
1440,34.08142857,43.52285714,38.61714286
1441,34.05035714,43.47892857,38.58071429
1442,34.01928571,43.435,38.54428571
1443,33.97297619,43.37041667,38.49089286
1444,33.92666667,43.30583333,38.4375
1445,33.89625,43.26333333,38.40166667
1446,33.86583333,43.22083333,38.36583333
1447,33.81827381,43.15827381,38.3089881
1448,33.77071429,43.09571429,38.25214286
1449,33.72285714,43.03285714,38.19440476
1450,33.675,42.97,38.13666667
1451,33.64166667,42.92666667,38.09583333
1452,33.60833333,42.88333333,38.055
1453,33.57333333,42.83958333,38.01375
1454,33.53833333,42.79583333,37.9725
1455,33.4827381,42.72970238,37.90946429
1456,33.42714286,42.66357143,37.84642857
1457,33.37190476,42.59636905,37.78279762
1458,33.31666667,42.52916667,37.71916667
1459,33.27875,42.48333333,37.67583333
1460,33.24083333,42.4375,37.6325
1461,33.20208333,42.39208333,37.58958333
1462,33.16333333,42.34666667,37.54666667
1463,33.10559524,42.27869048,37.48369048
1464,33.04785714,42.21071429,37.42071429
1465,32.99184524,42.14244048,37.35869048
1466,32.93583333,42.07416667,37.29666667
1467,32.89833333,42.02916667,37.25833333
1468,32.86083333,41.98416667,37.22
1469,32.80755952,41.92029762,37.16571429
1470,32.75428571,41.85642857,37.11142857
1471,32.71964286,41.81464286,37.07642857
1472,32.685,41.77285714,37.04142857
1473,32.635,41.71184524,36.99071429
1474,32.585,41.65083333,36.94
1475,32.55291667,41.6125,36.90875
1476,32.52083333,41.57416667,36.8775
1477,32.47613095,41.51958333,36.83410714
1478,32.43142857,41.465,36.79071429
1479,32.38863095,41.41166667,36.74869048
1480,32.34583333,41.35833333,36.70666667
1481,32.31916667,41.32458333,36.68166667
1482,32.2925,41.29083333,36.65666667
1483,32.26666667,41.25875,36.6325
1484,32.24083333,41.22666667,36.60833333
1485,32.20327381,41.18261905,36.57488095
1486,32.16571429,41.13857143,36.54142857
1487,32.13035714,41.09761905,36.51113095
1488,32.095,41.05666667,36.48083333
1489,32.07416667,41.03416667,36.46625
1490,32.05333333,41.01166667,36.45166667
1491,32.02916667,40.9872619,36.44083333
1492,32.005,40.96285714,36.43
1493,31.99178571,40.95035714,36.42857143
1494,31.97857143,40.93785714,36.42714286
1495,31.96386905,40.92559524,36.4327381
1496,31.94916667,40.91333333,36.43833333
1497,31.945,40.9125,36.4525
1498,31.94083333,40.91166667,36.46666667
1499,31.94291667,40.92047619,36.50261905
1500,31.945,40.92928571,36.53857143
1501,31.95166667,40.94255952,36.58178571
1502,31.95833333,40.95583333,36.625
1503,31.97,40.97083333,36.6625
1504,31.98166667,40.98583333,36.7
1505,32.00619048,41.01434524,36.765
1506,32.03071429,41.04285714,36.83
1507,32.04892857,41.06357143,36.87607143
1508,32.06714286,41.08428571,36.92214286
1509,32.0977381,41.11797619,36.99440476
1510,32.12833333,41.15166667,37.06666667
1511,32.15041667,41.17625,37.11666667
1512,32.1725,41.20083333,37.16666667
1513,32.20517857,41.2389881,37.2422619
1514,32.23785714,41.27714286,37.31785714
1515,32.27059524,41.3164881,37.39392857
1516,32.30333333,41.35583333,37.47
1517,32.32541667,41.38375,37.51916667
1518,32.3475,41.41166667,37.56833333
1519,32.36958333,41.44,37.61666667
1520,32.39166667,41.46833333,37.665
1521,32.42404762,41.51166667,37.73464286
1522,32.45642857,41.555,37.80428571
1523,32.48821429,41.59833333,37.87214286
1524,32.52,41.64166667,37.94
1525,32.54083333,41.66916667,37.98291667
1526,32.56166667,41.69666667,38.02583333
1527,32.58940476,41.73654762,38.0864881
1528,32.61714286,41.77642857,38.14714286
1529,32.63535714,41.80214286,38.18607143
1530,32.65357143,41.82785714,38.225
1531,32.68011905,41.86517857,38.28125
1532,32.70666667,41.9025,38.3375
1533,32.72333333,41.92625,38.37333333
1534,32.74,41.95,38.40916667
1535,32.76321429,41.98607143,38.46172619
1536,32.78642857,42.02214286,38.51428571
1537,32.81113095,42.0577381,38.56714286
1538,32.83583333,42.09333333,38.62
1539,32.85416667,42.11916667,38.65541667
1540,32.8725,42.145,38.69083333
1541,32.90339286,42.18714286,38.7464881
1542,32.93428571,42.22928571,38.80214286
1543,32.95607143,42.25892857,38.83892857
1544,32.97785714,42.28857143,38.87571429
1545,33.01392857,42.33470238,38.93160714
1546,33.05,42.38083333,38.9875
1547,33.07583333,42.41375,39.025
1548,33.10166667,42.44666667,39.0625
1549,33.13869048,42.49404762,39.11910714
1550,33.17571429,42.54142857,39.17571429
1551,33.21244048,42.58779762,39.22952381
1552,33.24916667,42.63416667,39.28333333
1553,33.27041667,42.66083333,39.31625
1554,33.29166667,42.6875,39.34916667
1555,33.31369048,42.71803571,39.38922619
1556,33.33571429,42.74857143,39.42928571
1557,33.3475,42.76428571,39.45178571
1558,33.35928571,42.78,39.47428571
1559,33.37130952,42.79791667,39.50172619
1560,33.38333333,42.81583333,39.52916667
1561,33.38375,42.81958333,39.54
1562,33.38416667,42.82333333,39.55083333
1563,33.37815476,42.82059524,39.5589881
1564,33.37214286,42.81785714,39.56714286
1565,33.36482143,42.81267857,39.5727381
1566,33.3575,42.8075,39.57833333
1567,33.35083333,42.80208333,39.57916667
1568,33.34416667,42.79666667,39.58
1569,33.33494048,42.78940476,39.58214286
1570,33.32571429,42.78214286,39.58428571
1571,33.32107143,42.77857143,39.5875
1572,33.31642857,42.775,39.59071429
1573,33.31113095,42.77166667,39.59702381
1574,33.30583333,42.76833333,39.60333333
1575,33.30458333,42.76916667,39.61166667
1576,33.30333333,42.77,39.62
1577,33.30702381,42.7775,39.64
1578,33.31071429,42.785,39.66
1579,33.31702381,42.79458333,39.68333333
1580,33.32333333,42.80416667,39.70666667
1581,33.33166667,42.81458333,39.7275
1582,33.34,42.825,39.74833333
1583,33.35785714,42.84464286,39.78738095
1584,33.37571429,42.86428571,39.82642857
1585,33.38928571,42.87857143,39.85428571
1586,33.40285714,42.89285714,39.88214286
1587,33.42559524,42.91642857,39.92857143
1588,33.44833333,42.94,39.975
1589,33.46583333,42.95875,40.00916667
1590,33.48333333,42.9775,40.04333333
1591,33.51130952,43.00910714,40.09952381
1592,33.53928571,43.04071429,40.15571429
1593,33.56880952,43.07494048,40.21410714
1594,33.59833333,43.10916667,40.2725
1595,33.62041667,43.13416667,40.31416667
1596,33.6425,43.15916667,40.35583333
1597,33.67660714,43.19886905,40.41970238
1598,33.71071429,43.23857143,40.48357143
1599,33.73321429,43.265,40.52607143
1600,33.75571429,43.29142857,40.56857143
1601,33.78994048,43.33154762,40.63095238
1602,33.82416667,43.37166667,40.69333333
1603,33.84666667,43.39708333,40.7325
1604,33.86916667,43.4225,40.77166667
1605,33.90029762,43.45696429,40.82654762
1606,33.93142857,43.49142857,40.88142857
1607,33.96113095,43.52404762,40.93238095
1608,33.99083333,43.55666667,40.98333333
1609,34.01041667,43.57541667,41.01458333
1610,34.03,43.59416667,41.04583333
1611,34.05714286,43.61744048,41.08613095
1612,34.08428571,43.64071429,41.12642857
1613,34.10178571,43.655,41.15142857
1614,34.11928571,43.66928571,41.17642857
1615,34.14422619,43.68880952,41.21029762
1616,34.16916667,43.70833333,41.24416667
1617,34.18458333,43.71875,41.26333333
1618,34.2,43.72916667,41.2825
1619,34.21892857,43.74386905,41.30875
1620,34.23785714,43.75857143,41.335
1621,34.2560119,43.77303571,41.36083333
1622,34.27416667,43.7875,41.38666667
1623,34.28375,43.79708333,41.40166667
1624,34.29333333,43.80666667,41.41666667
1625,34.30630952,43.82011905,41.43690476
1626,34.31928571,43.83357143,41.45714286
1627,34.32678571,43.84285714,41.46964286
1628,34.33428571,43.85214286,41.48214286
1629,34.34547619,43.86607143,41.49815476
1630,34.35666667,43.88,41.51416667
1631,34.3647619,43.89214286,41.52386905
1632,34.37285714,43.90428571,41.53357143
1633,34.37821429,43.9125,41.53964286
1634,34.38357143,43.92071429,41.54571429
1635,34.39053571,43.93369048,41.54952381
1636,34.3975,43.94666667,41.55333333
1637,34.40291667,43.955,41.55125
1638,34.40833333,43.96333333,41.54916667
1639,34.41630952,43.97559524,41.53494048
1640,34.42428571,43.98785714,41.52071429
1641,34.43130952,44.00184524,41.50035714
1642,34.43833333,44.01583333,41.48
1643,34.44125,44.02625,41.45583333
1644,34.44416667,44.03666667,41.43166667
1645,34.44279762,44.05690476,41.3772619
1646,34.44142857,44.07714286,41.32285714
1647,34.43857143,44.09285714,41.27714286
1648,34.43571429,44.10857143,41.23142857
1649,34.42702381,44.13595238,41.14946429
1650,34.41833333,44.16333333,41.0675
1651,34.40345238,44.20095238,40.94303571
1652,34.38857143,44.23857143,40.81857143
1653,34.37714286,44.26714286,40.72178571
1654,34.36571429,44.29571429,40.625
1655,34.34619048,44.34535714,40.45916667
1656,34.32666667,44.395,40.29333333
1657,34.31208333,44.43666667,40.15708333
1658,34.2975,44.47833333,40.02083333
1659,34.27553571,44.55595238,39.77505952
1660,34.25357143,44.63357143,39.52928571
1661,34.22970238,44.72053571,39.26339286
1662,34.20583333,44.8075,38.9975
1663,34.19083333,44.87916667,38.79291667
1664,34.17583333,44.95083333,38.58833333
1665,34.15791667,45.08041667,38.24595238
1666,34.14,45.21,37.90357143
1667,34.12892857,45.30535714,37.66357143
1668,34.11785714,45.40071429,37.42357143
1669,34.09934524,45.55869048,37.04595238
1670,34.08083333,45.71666667,36.66833333
1671,34.07220238,45.91261905,36.25738095
1672,34.06357143,46.10857143,35.84642857
1673,34.05571429,46.24892857,35.56678571
1674,34.04785714,46.38928571,35.28714286
1675,34.0410119,46.61505952,34.85732143
1676,34.03416667,46.84083333,34.4275
1677,34.03416667,47.01041667,34.13458333
1678,34.03416667,47.18,33.84166667
1679,34.0535119,47.46892857,33.40619048
1680,34.07285714,47.75785714,32.97071429
1681,34.09392857,48.06184524,32.53660714
1682,34.115,48.36583333,32.1025
1683,34.14458333,48.58875,31.81875
1684,34.17416667,48.81166667,31.535
1685,34.24708333,49.18511905,31.12821429
1686,34.32,49.55857143,30.72142857
1687,34.37571429,49.81714286,30.45392857
1688,34.43142857,50.07571429,30.18642857
1689,34.52696429,50.48077381,29.79279762
1690,34.6225,50.88583333,29.39916667
1691,34.76053571,51.32827381,29.01886905
1692,34.89857143,51.77071429,28.63857143
1693,34.99785714,52.07928571,28.39142857
1694,35.09714286,52.38785714,28.14428571
1695,35.25732143,52.85267857,27.77380952
1696,35.4175,53.3175,27.40333333
1697,35.53833333,53.63958333,27.15875
1698,35.65916667,53.96166667,26.91416667
1699,35.85315476,54.44654762,26.5435119
1700,36.04714286,54.93142857,26.17285714
