wl,halfsun,visfilterTransmittance,nirfilterTransmittance
400,1.6255,87.08227273,1.260909091
401,1.6353,87.03722332,1.242628459
402,1.6451,86.99217391,1.224347826
403,1.6549,86.55540514,1.20603755
404,1.6647,86.11863636,1.187727273
405,1.6745,85.94801383,1.170602767
406,1.689,85.7773913,1.153478261
407,1.7035,85.93278656,1.13833004
408,1.718,86.08818182,1.123181818
409,1.7325,86.266917,1.112677866
410,1.747,86.44565217,1.102173913
411,1.7686,86.51373518,1.084268775
412,1.7902,86.58181818,1.066363636
413,1.8118,86.73025692,1.029486166
414,1.8334,86.87869565,0.992608696
415,1.855,86.97002965,0.950849803
416,1.8845,87.06136364,0.909090909
417,1.914,86.93546443,0.864110672
418,1.9435,86.80956522,0.819130435
419,1.973,86.64273716,0.774337945
420,2.0025,86.47590909,0.729545455
421,2.0355,86.4590415,0.704120554
422,2.0685,86.44217391,0.678695652
423,2.1015,86.51913044,0.67826087
424,2.1345,86.59608696,0.677826087
425,2.1675,86.70956522,0.689782609
426,2.1929,86.82304348,0.70173913
427,2.2183,86.89630435,0.715434783
428,2.2437,86.96956522,0.729130435
429,2.2691,87.09478261,0.737608696
430,2.2945,87.22,0.746086957
431,2.2682,87.48152174,0.749782609
432,2.2419,87.74304348,0.753478261
433,2.2156,88.01243083,0.742420949
434,2.1893,88.28181818,0.731363636
435,2.163,88.41699605,0.709812253
436,2.141,88.55217391,0.68826087
437,2.119,88.72608696,0.673221344
438,2.097,88.9,0.658181818
439,2.075,89.08782609,0.646264822
440,2.053,89.27565217,0.634347826
441,2.0369,89.48608696,0.616086957
442,2.0208,89.69652174,0.597826087
443,2.0047,89.77108696,0.587173913
444,1.9886,89.84565217,0.576521739
445,1.9725,89.97717391,0.575217391
446,1.9565,90.10869565,0.573913043
447,1.9405,90.22326087,0.573478261
448,1.9245,90.33782609,0.573043478
449,1.9085,90.43913044,0.572173913
450,1.8925,90.54043478,0.571304348
451,1.8764,90.51294467,0.575879447
452,1.8603,90.48545455,0.580454545
453,1.8442,90.35664032,0.576531621
454,1.8281,90.22782609,0.572608696
455,1.812,90.11326087,0.558478261
456,1.8008,89.99869565,0.544347826
457,1.7896,89.97130435,0.53326087
458,1.7784,89.94391304,0.522173913
459,1.7672,89.9976087,0.513478261
460,1.756,90.05130435,0.504782609
461,1.773,90.10913044,0.497173913
462,1.79,90.16695652,0.489565217
463,1.807,90.27217391,0.483695652
464,1.824,90.3773913,0.477826087
465,1.841,90.49826087,0.475434783
466,1.8542,90.61913043,0.473043478
467,1.8674,90.75021739,0.47
468,1.8806,90.88130435,0.466956522
469,1.8938,91.06739131,0.458913044
470,1.907,91.25347826,0.450869565
471,1.9154,91.41782609,0.444130435
472,1.9238,91.58217391,0.437391304
473,1.9322,91.78130435,0.428478261
474,1.9406,91.98043478,0.419565217
475,1.949,92.08730073,0.408115942
476,1.9574,92.19416667,0.396666667
477,1.9658,92.24230073,0.378768116
478,1.9742,92.29043478,0.360869565
479,1.9826,92.36565218,0.335217391
480,1.991,92.44086957,0.309565217
481,1.9994,92.55456522,0.289130435
482,2.0078,92.66826087,0.268695652
483,2.0162,92.77673913,0.248043478
484,2.0246,92.88521739,0.227391304
485,2.033,93.04652174,0.212391304
486,2.0414,93.20782609,0.197391304
487,2.0498,93.2702174,0.193478261
488,2.0582,93.3326087,0.189565217
489,2.0666,93.18717392,0.190869565
490,2.075,93.04173913,0.192173913
491,2.0834,92.97304348,0.196086957
492,2.0918,92.90434783,0.2
493,2.1002,92.94043479,0.202391305
494,2.1086,92.97652174,0.204782609
495,2.117,92.94673913,0.207173913
496,2.1205,92.91695652,0.209565217
497,2.124,92.90630435,0.210869565
498,2.1275,92.89565217,0.212173913
499,2.131,92.87065217,0.212391305
500,2.1345,92.84565217,0.212608696
501,2.1321,92.69949275,0.210679348
502,2.1297,92.55333333,0.20875
503,2.1273,92.48318841,0.207418479
504,2.1249,92.41304348,0.206086957
505,2.1225,92.48326087,0.203043479
506,2.1202,92.55347826,0.2
507,2.1179,92.7009058,0.196666667
508,2.1156,92.84833333,0.193333333
509,2.1133,93.04394928,0.190362319
510,2.111,93.23956522,0.187391304
511,2.1089,93.29956522,0.185217391
512,2.1068,93.35956522,0.183043478
513,2.1047,93.09228261,0.181521739
514,2.1026,92.825,0.18
515,2.1005,92.49184783,0.179130435
516,2.1017,92.15869565,0.17826087
517,2.1029,91.82978261,0.177391305
518,2.1041,91.50086957,0.176521739
519,2.1053,91.42272645,0.174719203
520,2.1065,91.34458333,0.172916667
521,2.1077,91.38968297,0.169719203
522,2.1089,91.43478261,0.166521739
523,2.1101,91.58108696,0.161521739
524,2.1113,91.7273913,0.156521739
525,2.1125,91.74432065,0.15201087
526,2.1138,91.76125,0.1475
527,2.1151,91.66019022,0.143532609
528,2.1164,91.55913043,0.139565217
529,2.1177,91.27369565,0.136956522
530,2.119,90.98826087,0.134347826
531,2.1202,90.86163044,0.134048913
532,2.1214,90.735,0.13375
533,2.1226,90.78206522,0.134701087
534,2.1238,90.82913043,0.135652174
535,2.125,91.09434783,0.136086957
536,2.125,91.35956522,0.136521739
537,2.125,91.62165761,0.13513587
538,2.125,91.88375,0.13375
539,2.125,92.146875,0.132744565
540,2.125,92.41,0.13173913
541,2.1246,92.59347826,0.130869565
542,2.1242,92.77695652,0.13
543,2.1238,92.7974366,0.130208334
544,2.1234,92.81791667,0.130416667
545,2.123,92.77548008,0.131077899
546,2.1226,92.73304348,0.13173913
547,2.1222,92.81891305,0.133913044
548,2.1218,92.90478261,0.136086957
549,2.1214,93.11634964,0.137210145
550,2.121,93.32791667,0.138333333
551,2.1206,93.56833334,0.139791667
552,2.1202,93.80875,0.14125
553,2.1198,94.00763587,0.141929348
554,2.1194,94.20652174,0.142608696
555,2.119,94.34409421,0.142554348
556,2.1186,94.48166667,0.1425
557,2.1182,94.51375,0.141666667
558,2.1178,94.54583333,0.140833333
559,2.1174,94.37639493,0.140199275
560,2.117,94.20695652,0.139565217
561,2.1167,93.86021739,0.137826087
562,2.1164,93.51347826,0.136086957
563,2.1161,93.3021558,0.133876812
564,2.1158,93.09083333,0.131666667
565,2.1155,92.990625,0.129583334
566,2.1151,92.89041667,0.1275
567,2.1147,92.87390399,0.127228261
568,2.1143,92.8573913,0.126956522
569,2.1139,92.98932065,0.126394928
570,2.1135,93.12125,0.125833333
571,2.1047,93.25229167,0.125833333
572,2.0959,93.38333333,0.125833333
573,2.0871,93.30625,0.126458333
574,2.0783,93.22916667,0.127083333
575,2.0695,92.97480073,0.128759058
576,2.0615,92.72043478,0.130434783
577,2.0535,92.30834239,0.131467392
578,2.0455,91.89625,0.1325
579,2.0375,91.42958334,0.133958334
580,2.0295,90.96291667,0.135416667
581,2.0258,90.615,0.136458334
582,2.0221,90.26708333,0.1375
583,2.0184,90.10354167,0.138532609
584,2.0147,89.94,0.139565217
585,2.011,89.92895834,0.139157609
586,2.0073,89.91791667,0.13875
587,2.0036,89.86666667,0.137708334
588,1.9999,89.81541667,0.136666667
589,1.9962,89.615625,0.135625
590,1.9925,89.41583333,0.134583333
591,1.9888,89.13030797,0.133596015
592,1.9851,88.84478261,0.132608696
593,1.9814,88.40780797,0.131096015
594,1.9777,87.97083333,0.129583333
595,1.974,87.355,0.128125
596,1.9703,86.73916667,0.126666667
597,1.9666,86.16125,0.125625
598,1.9629,85.58333333,0.124583333
599,1.9592,85.18916667,0.123333333
600,1.9555,84.795,0.122083333
601,1.9598,84.53645834,0.12125
602,1.9641,84.27791667,0.120416667
603,1.9684,83.96020834,0.12
604,1.9727,83.6425,0.119583333
605,1.977,83.35458334,0.120416667
606,1.9816,83.06666667,0.12125
607,1.9862,82.701875,0.122291667
608,1.9908,82.33708333,0.123333333
609,1.9954,81.80875,0.125625
610,2,81.28041667,0.127916667
611,2.0047,80.82666667,0.129583334
612,2.0094,80.37291667,0.13125
613,2.0141,79.845625,0.133333334
614,2.0188,79.31833333,0.135416667
615,2.0235,78.76770833,0.136666667
616,2.0281,78.21708333,0.137916667
617,2.0327,77.59333333,0.14
618,2.0373,76.96958333,0.142083333
619,2.0419,76.27458333,0.143125
620,2.0465,75.57958333,0.144166667
621,2.0512,74.97375,0.144375
622,2.0559,74.36791667,0.144583333
623,2.0606,73.626875,0.144583333
624,2.0653,72.88583333,0.144583333
625,2.07,72.28229167,0.145416667
626,2.0604,71.67875,0.14625
627,2.0508,71.231875,0.14625
628,2.0412,70.785,0.14625
629,2.0316,70.42625,0.146666667
630,2.022,70.0675,0.147083333
631,2.0082,69.71375,0.148741667
632,1.9944,69.36,0.1504
633,1.9806,68.91083334,0.152283334
634,1.9668,68.46166667,0.154166667
635,1.953,67.715,0.155416667
636,1.9298,66.96833333,0.156666667
637,1.9066,66.07375,0.157708334
638,1.8834,65.17916667,0.15875
639,1.8602,64.278125,0.159791667
640,1.837,63.37708333,0.160833333
641,1.8366,62.52458333,0.161875
642,1.8362,61.67208333,0.162916667
643,1.8358,61.00304167,0.163858334
644,1.8354,60.334,0.1648
645,1.835,59.7316,0.1664
646,1.8563,59.1292,0.168
647,1.8776,58.71251667,0.169833334
648,1.8989,58.29583333,0.171666667
649,1.9202,57.88208333,0.173333334
650,1.9415,57.46833333,0.175
651,1.9554,57.015625,0.176458334
652,1.9693,56.56291667,0.177916667
653,1.9832,56.04354167,0.179791667
654,1.9971,55.52416667,0.181666667
655,2.011,54.88041667,0.182291667
656,1.9873,54.23666667,0.182916667
657,1.9636,53.52833334,0.183258334
658,1.9399,52.82,0.1836
659,1.9162,52.0078,0.185
660,1.8925,51.1956,0.1864
661,1.8626,50.4274,0.1884
662,1.8327,49.6592,0.1904
663,1.8028,48.982725,0.192283334
664,1.7729,48.30625,0.194166667
665,1.743,47.58166667,0.197083334
666,1.7261,46.85708333,0.2
667,1.7092,46.19729167,0.203541667
668,1.6923,45.5375,0.207083333
669,1.6754,44.94333334,0.210416667
670,1.6585,44.34916667,0.21375
671,1.6724,43.764375,0.216875
672,1.6863,43.17958333,0.22
673,1.7002,42.67579167,0.223
674,1.7141,42.172,0.226
675,1.728,41.666,0.2308
676,1.7246,41.16,0.2356
677,1.7212,40.6862,0.2412
678,1.7178,40.2124,0.2468
679,1.7144,39.7042,0.2542
680,1.711,39.196,0.2616
681,1.6956,38.6514,0.2714
682,1.6802,38.1068,0.2812
683,1.6648,37.5116,0.2954
684,1.6494,36.9164,0.3096
685,1.634,36.2292,0.3374
686,1.6185,35.542,0.3652
687,1.603,34.83808334,0.428016667
688,1.5875,34.13416667,0.490833333
689,1.572,33.089375,0.800416667
690,1.5565,32.04458333,1.11
691,1.5525,30.38416667,2.836875
692,1.5485,28.72375,4.56375
693,1.5445,26.29458334,9.959791665
694,1.5405,23.86541667,15.35583333
695,1.5365,20.96520834,24.425
696,1.5375,18.065,33.49416667
697,1.5385,15.4245,43.08788334
698,1.5395,12.784,52.6816
699,1.5405,10.1378,63.0886
700,1.5415,7.4916,73.4956
701,1.5172,5.5328,82.6092
702,1.4929,3.574,91.7228
703,1.4686,2.5074,92.9184
704,1.4443,1.4408,94.114
705,1.42,1.0174,95.19
706,1.3587,0.594,96.266
707,1.2974,0.4616,96.803
708,1.2361,0.3292,97.34
709,1.1748,0.2896,97.4554
710,1.1135,0.25,97.5708
711,1.0904,0.2362,97.5658
712,1.0673,0.2224,97.5608
713,1.0442,0.2168,97.601
714,1.0211,0.2112,97.6412
715,0.998,0.2104,97.698
716,1.0034,0.2096,97.7548
717,1.0088,0.2104,97.7836
718,1.0142,0.2112,97.8124
719,1.0196,0.2122,97.8308
720,1.025,0.2132,97.8492
721,1.0304,0.2136,97.8814
722,1.0358,0.214,97.9136
723,1.0412,0.2146,97.9326
724,1.0466,0.2152,97.9516
725,1.052,0.2148,97.9432
726,1.0519,0.2144,97.9348
727,1.0518,0.2134,97.9268
728,1.0517,0.2124,97.9188
729,1.0516,0.2106,97.9328
730,1.0515,0.2088,97.9468
731,1.0407,0.2078,97.973
732,1.0299,0.2068,97.9992
733,1.0191,0.2068,98.0048
734,1.0083,0.2068,98.0104
735,0.9975,0.2068,97.992
736,0.971,0.2068,97.9736
737,0.9445,0.2076,97.9652
738,0.918,0.2084,97.9568
739,0.8915,0.2104,97.9806
740,0.865,0.2124,98.0044
741,0.8295,0.215,98.0452
742,0.794,0.2176,98.086
743,0.7585,0.2196,98.113
744,0.723,0.2216,98.14
745,0.6875,0.2236,98.127
746,0.8034,0.2256,98.114
747,0.9193,0.226261539,98.072
748,1.0352,0.226923077,98.03
749,1.1511,0.226346154,97.99788462
750,1.267,0.225769231,97.96576923
751,1.3957,0.223846154,97.95230769
752,1.5244,0.221923077,97.93884615
753,1.6531,0.220192308,97.94788462
754,1.7818,0.218461538,97.95692308
755,1.9105,0.217692308,97.97692308
756,2.0391,0.216923077,97.99692308
757,2.1677,0.217461539,97.99826154
758,2.2963,0.218,97.9996
759,2.4249,0.2194,97.9612
760,2.5535,0.2208,97.9228
761,2.6822,0.2234,97.8818
762,2.8109,0.226,97.8408
763,2.9396,0.2296,97.8196
764,3.0683,0.2332,97.7984
765,3.197,0.2372,97.805
766,3.1066,0.2412,97.8116
767,3.0162,0.2452,97.8482
768,2.9258,0.2492,97.8848
769,2.8354,0.2528,97.9424
770,2.745,0.2564,98
771,2.5378,0.259738462,98.02307693
772,2.3306,0.263076923,98.04615385
773,2.1234,0.265769231,98.03384616
774,1.9162,0.268461538,98.02153846
775,1.709,0.271153846,97.99711539
776,1.6001,0.273846154,97.97269231
777,1.4912,0.276346154,97.94538462
778,1.3823,0.278846154,97.91807692
779,1.2734,0.283076923,97.89423077
780,1.1645,0.287307692,97.87038462
781,1.0614,0.292453846,97.87859231
782,0.9583,0.2976,97.8868
783,0.8552,0.3014,97.9186
784,0.7521,0.3052,97.9504
785,0.649,0.307407693,97.96058462
786,0.5968,0.309615385,97.97076923
787,0.5446,0.31173077,97.96057693
788,0.4924,0.313846154,97.95038462
789,0.4402,0.315769231,97.93019231
790,0.388,0.317692308,97.91
791,0.4183,0.319615385,97.88557693
792,0.4486,0.321538462,97.86115385
793,0.4789,0.32423077,97.8523077
794,0.5092,0.326923077,97.84346154
795,0.5395,0.331061539,97.85973077
796,0.5698,0.3352,97.876
797,0.6001,0.339523077,97.90742308
798,0.6304,0.343846154,97.93884615
799,0.6607,0.349615385,97.97057692
800,0.691,0.355384615,98.00230769
801,0.7213,0.361538462,98.01519231
802,0.7516,0.367692308,98.02807692
803,0.7819,0.373461539,98.00653846
804,0.8122,0.379230769,97.985
805,0.8425,0.384615385,97.93788462
806,0.8808,0.39,97.89076923
807,0.9191,0.3966,97.82658462
808,0.9574,0.4032,97.7624
809,0.9957,0.408523077,97.70581539
810,1.034,0.413846154,97.64923077
811,1.1361,0.42173077,97.61961539
812,1.2382,0.429615385,97.59
813,1.3403,0.441923077,97.57961539
814,1.4424,0.454230769,97.56923077
815,1.5445,0.466346154,97.57153846
816,1.5749,0.478461538,97.57384615
817,1.6053,0.482749288,97.55673789
818,1.6357,0.487037037,97.53962963
819,1.6661,0.495633903,97.50750713
820,1.6965,0.504230769,97.47538462
821,1.6207,0.518461539,97.42307693
822,1.5449,0.532692308,97.37076923
823,1.4691,0.546346154,97.30288462
824,1.3933,0.56,97.235
825,1.3175,0.578846154,97.17461539
826,1.2865,0.597692308,97.11423077
827,1.2555,0.626538462,97.07903846
828,1.2245,0.655384615,97.04384615
829,1.1935,0.669423077,97.04403846
830,1.1625,0.683461538,97.04423077
831,1.1512,0.685576923,97.06903846
832,1.1399,0.687692308,97.09384615
833,1.1286,0.68440171,97.13562678
834,1.1173,0.681111111,97.17740741
835,1.106,0.670740741,97.205
836,1.1023,0.66037037,97.23259259
837,1.0986,0.648069801,97.25975784
838,1.0949,0.635769231,97.28692308
839,1.0912,0.625961539,97.30519231
840,1.0875,0.616153846,97.32346154
841,1.1338,0.60474359,97.33302707
842,1.1801,0.593333333,97.34259259
843,1.2264,0.583589744,97.33764245
844,1.2727,0.573846154,97.33269231
845,1.319,0.567692308,97.33673077
846,1.2999,0.561538462,97.34076923
847,1.2808,0.559843305,97.34538462
848,1.2617,0.558148148,97.35
849,1.2426,0.564444445,97.3312963
850,1.2235,0.570740741,97.31259259
851,1.1152,0.580947294,97.28725784
852,1.0069,0.591153846,97.26192308
853,0.8986,0.600384616,97.25346154
854,0.7903,0.609615385,97.245
855,0.682,0.626103989,97.23472222
856,0.6743,0.642592593,97.22444444
857,0.6666,0.659180912,97.21126068
858,0.6589,0.675769231,97.19807692
859,0.6512,0.68423077,97.19153846
860,0.6435,0.692692308,97.185
861,0.6756,0.702642451,97.18324074
862,0.7077,0.712592593,97.18148148
863,0.7398,0.720370371,97.18333334
864,0.7719,0.728148148,97.18518519
865,0.804,0.728888889,97.18537038
866,0.8362,0.72962963,97.18555556
867,0.8684,0.730740741,97.18666667
868,0.9006,0.731851852,97.18777778
869,0.9328,0.737777778,97.18407408
870,0.965,0.743703704,97.18037037
871,0.9972,0.74962963,97.15962963
872,1.0294,0.755555556,97.13888889
873,1.0616,0.752222223,97.08685185
874,1.0938,0.748888889,97.03481481
875,1.126,0.732713676,96.94163818
876,1.1213,0.716538462,96.84846154
877,1.1166,0.693824787,96.77997151
878,1.1119,0.671111111,96.71148148
879,1.1072,0.659444445,96.70111111
880,1.1025,0.647777778,96.69074074
881,1.052,0.636851852,96.68851852
882,1.0015,0.625925926,96.6862963
883,0.951,0.626481482,96.70462963
884,0.9005,0.627037037,96.72296296
885,0.85,0.637407408,96.78259259
886,0.7995,0.647777778,96.84222222
887,0.749,0.651666667,96.89351852
888,0.6985,0.655555556,96.94481481
889,0.648,0.646111112,96.95166667
890,0.5975,0.636666667,96.95851852
891,0.64,0.629814815,96.99296297
892,0.6825,0.622962963,97.02740741
893,0.725,0.629814815,97.055
894,0.7675,0.636666667,97.08259259
895,0.81,0.661369048,97.05968915
896,0.8649,0.686071429,97.03678571
897,0.9198,0.716369048,96.99228175
898,0.9747,0.746666667,96.94777778
899,1.0296,0.778148149,96.89370371
900,1.0845,0.80962963,96.83962963
901,1.1394,0.854814815,96.7362963
902,1.1943,0.9,96.63296296
903,1.2492,0.932592593,96.54981482
904,1.3041,0.965185185,96.46666667
905,1.359,0.883962963,96.40833334
906,1.4006,0.802740741,96.35
907,1.4422,0.806148149,96.30962963
908,1.4838,0.809555556,96.26925926
909,1.5254,0.879063493,96.69462963
910,1.567,0.948571429,97.12
911,1.5933,0.826137567,97.22946429
912,1.6196,0.703703704,97.33892857
913,1.6459,0.452208995,97.33892857
914,1.6722,0.200714286,97.33892857
915,1.6985,0.228134921,97.33892857
916,1.6462,0.255555556,97.33892857
917,1.5939,0.294563493,97.33892857
918,1.5416,0.333571429,97.33892857
919,1.4893,0.390119048,97.33892857
920,1.437,0.446666667,97.33892857
921,1.3597,0.491521164,97.33892857
922,1.2824,0.536375661,97.33892857
923,1.2051,0.584153439,97.33892857
924,1.1278,0.631931217,97.33892857
925,1.0505,0.679708995,97.33892857
926,0.9938,0.727486772,97.33892857
927,0.9371,0.77526455,97.33892857
928,0.8804,0.823042328,97.33892857
929,0.8237,0.870820106,97.33892857
930,0.767,0.918597884,97.33892857
931,0.7548,0.466375662,97.52785714
932,0.7426,0.014153439,97.71678571
933,0.7304,0.061931217,97.71678571
934,0.7182,0.109708995,97.71678571
935,0.706,0.157486773,97.71678571
936,0.7022,0.20526455,97.71678571
937,0.6984,0.253042328,97.71678571
938,0.6946,0.300820106,97.71678571
939,0.6908,0.300820106,97.71678571
940,0.687,0.300820106,97.71678571
941,0.6799,0.358082011,97.71678571
942,0.6728,0.415343915,97.71678571
943,0.6657,0.415343915,97.71678571
944,0.6586,0.415343915,97.71678571
945,0.6515,0.415343915,97.68
946,0.6244,0.415343915,97.64321429
947,0.5973,0.415343915,97.64321429
948,0.5702,0.415343915,97.64321429
949,0.5431,0.415343915,97.64321429
950,0.516,0.415343915,97.64321429
951,0.5218,0.415343915,97.64321429
952,0.5276,0.415343915,97.64321429
953,0.5334,0.415343915,97.64321429
954,0.5392,0.415343915,97.64321429
955,0.545,0.415343915,97.64321429
956,0.5542,0.415343915,97.64321429
957,0.5634,0.300661376,97.64321429
958,0.5726,0.185978836,97.64321429
959,0.5818,0.185978836,97.64321429
960,0.591,0.185978836,97.64321429
961,0.6003,0.185978836,97.63
962,0.6096,0.185978836,97.61678571
963,0.6189,0.185978836,97.61678571
964,0.6282,0.185978836,97.61678571
965,0.6375,0.185978836,97.61678571
966,0.6468,0.185978836,97.61678571
967,0.6561,0.19369709,97.61678571
968,0.6654,0.201415344,97.61678571
969,0.6747,0.206193122,97.61678571
970,0.684,0.210970899,97.61678571
971,0.6933,0.255895503,97.61678571
972,0.7026,0.300820106,97.61678571
973,0.7119,0.300820106,97.61678571
974,0.7212,0.300820106,97.61678571
975,0.7305,0.396375662,97.61678571
976,0.7199,0.491931217,97.61678571
977,0.7093,0.491931217,97.42839286
978,0.6987,0.491931217,97.24
979,0.6881,0.645965609,97.24
980,0.6775,0.8,97.24
981,0.6621,0.623333334,97.24
982,0.6467,0.446666667,97.24
983,0.6313,0.446666667,97.24
984,0.6159,0.446666667,97.24
985,0.6005,0.446666667,97.24
986,0.5963,0.446666667,97.24
987,0.5921,0.446666667,97.24
988,0.5879,0.446666667,97.24
989,0.5837,0.238333334,97.24
990,0.5795,0.03,97.24
991,0.6112,0.03,97.24
992,0.6429,0.03,97.24
993,0.6746,0.03,97.24
994,0.7063,0.03,97.24
995,0.738,0.03,97.24
996,0.7697,0.03,97.24
997,0.8014,0.03,97.22738095
998,0.8331,0.03,97.2147619
999,0.8648,0.0475,97.45620448
1000,0.8965,0.065,97.69764706
1001,0.9282,0.0675,97.71715687
1002,0.9599,0.07,97.73666667
1003,0.9916,0.051,97.43270834
1004,1.0233,0.032,97.12875
1005,1.055,0.026,97.74270834
1006,1.0293,0.02,98.35666667
1007,1.0036,0.022142857,98.36690477
1008,0.9779,0.024285714,98.37714286
1009,0.9522,0.026309524,98.39107143
1010,0.9265,0.028333333,98.405
1011,0.8883,0.03,98.42333334
1012,0.8501,0.031666667,98.44166667
1013,0.8119,0.034166667,98.46333334
1014,0.7737,0.036666667,98.485
1015,0.7355,0.039166667,98.51
1016,0.7204,0.041666667,98.535
1017,0.7053,0.0475,98.58916667
1018,0.6902,0.053333333,98.64333333
1019,0.6751,0.055833333,98.66416667
1020,0.66,0.058333333,98.685
1021,0.7105,0.061666667,98.7
1022,0.761,0.065,98.715
1023,0.8115,0.0675,98.72583334
1024,0.862,0.07,98.73666667
1025,0.9125,0.073571429,98.74047619
1026,1.023,0.077142857,98.74428571
1027,1.1335,0.081071429,98.74297619
1028,1.244,0.085,98.74166667
1029,1.3545,0.0875,98.7375
1030,1.465,0.09,98.73333333
1031,1.4043,0.0925,98.72916667
1032,1.3436,0.095,98.725
1033,1.2829,0.098928572,98.70964286
1034,1.2222,0.102857143,98.69428571
1035,1.1615,0.107261905,98.67880952
1036,1.1385,0.111666667,98.66333333
1037,1.1155,0.115,98.65
1038,1.0925,0.118333333,98.63666667
1039,1.0695,0.1225,98.62666667
1040,1.0465,0.126666667,98.61666667
1041,1.0235,0.133333334,98.60476191
1042,1.0005,0.14,98.59285714
1043,0.9775,0.148333334,98.58476191
1044,0.9545,0.156666667,98.57666667
1045,0.9315,0.164166667,98.57083334
1046,0.9086,0.171666667,98.565
1047,0.8857,0.179166667,98.55833334
1048,0.8628,0.186666667,98.55166667
1049,0.8399,0.197619048,98.54440477
1050,0.817,0.208571429,98.53714286
1051,0.794,0.220119048,98.53440477
1052,0.771,0.231666667,98.53166667
1053,0.748,0.239166667,98.53
1054,0.725,0.246666667,98.52833333
1055,0.702,0.2525,98.53
1056,0.679,0.258333333,98.53166667
1057,0.656,0.26702381,98.52583334
1058,0.633,0.275714286,98.52
1059,0.61,0.28452381,98.515
1060,0.587,0.293333333,98.51
1061,0.5823,0.299166667,98.50166667
1062,0.5776,0.305,98.49333333
1063,0.5729,0.308333334,98.49083333
1064,0.5682,0.311666667,98.48833333
1065,0.5635,0.315,98.48916667
1066,0.566,0.318333333,98.49
1067,0.5685,0.325,98.50583334
1068,0.571,0.331666667,98.52166667
1069,0.5735,0.335833334,98.52416667
1070,0.576,0.34,98.52666667
1071,0.5785,0.345,98.52916667
1072,0.581,0.35,98.53166667
1073,0.5835,0.356666667,98.5325
1074,0.586,0.363333333,98.53333333
1075,0.5885,0.373809524,98.5402381
1076,0.5909,0.384285714,98.54714286
1077,0.5933,0.395476191,98.54440477
1078,0.5957,0.406666667,98.54166667
1079,0.5981,0.4125,98.545
1080,0.6005,0.418333333,98.54833333
1081,0.6384,0.424166667,98.54666667
1082,0.6763,0.43,98.545
1083,0.7142,0.438571429,98.53178572
1084,0.7521,0.447142857,98.51857143
1085,0.79,0.454404762,98.49845238
1086,0.8714,0.461666667,98.47833333
1087,0.9528,0.465,98.46916667
1088,1.0342,0.468333333,98.46
1089,1.1156,0.470833333,98.45833334
1090,1.197,0.473333333,98.45666667
1091,1.2784,0.475952381,98.46119048
1092,1.3598,0.478571429,98.46571429
1093,1.4412,0.480119048,98.47285715
1094,1.5226,0.481666667,98.48
1095,1.604,0.483333334,98.49416667
1096,1.5682,0.485,98.50833333
1097,1.5324,0.4875,98.51833333
1098,1.4966,0.49,98.52833333
1099,1.4608,0.495,98.53988095
1100,1.425,0.5,98.55142857
1101,1.3758,0.505,98.56571429
1102,1.3266,0.51,98.58
1103,1.2774,0.514166667,98.5925
1104,1.2282,0.518333333,98.605
1105,1.179,0.5225,98.6125
1106,1.138,0.526666667,98.62
1107,1.097,0.531904762,98.62714286
1108,1.056,0.537142857,98.63428571
1109,1.015,0.543571429,98.63880952
1110,0.974,0.55,98.64333333
1111,0.933,0.554166667,98.6425
1112,0.892,0.558333333,98.64166667
1113,0.851,0.5625,98.63166667
1114,0.81,0.566666667,98.62166667
1115,0.769,0.570833334,98.61083334
1116,0.728,0.575,98.6
1117,0.687,0.585,98.58666667
1118,0.646,0.595,98.57333333
1119,0.605,0.6,98.5675
1120,0.564,0.605,98.56166667
1121,0.5561,0.61,98.55416667
1122,0.5482,0.615,98.54666667
1123,0.5403,0.62,98.54333334
1124,0.5324,0.625,98.54
1125,0.5245,0.631785715,98.53071429
1126,0.527,0.638571429,98.52142857
1127,0.5295,0.645952381,98.50904762
1128,0.532,0.653333333,98.49666667
1129,0.5345,0.6575,98.48666667
1130,0.537,0.661666667,98.47666667
1131,0.5394,0.666666667,98.4725
1132,0.5418,0.671666667,98.46833333
1133,0.5442,0.680119048,98.46702381
1134,0.5466,0.688571429,98.46571429
1135,0.549,0.697619048,98.46119048
1136,0.5515,0.706666667,98.45666667
1137,0.554,0.7125,98.45083334
1138,0.5565,0.718333333,98.445
1139,0.559,0.725,98.4375
1140,0.5615,0.731666667,98.43
1141,0.5598,0.740119048,98.40857143
1142,0.5581,0.748571429,98.38714286
1143,0.5564,0.756785715,98.35940477
1144,0.5547,0.765,98.33166667
1145,0.553,0.769166667,98.31416667
1146,0.5468,0.773333333,98.29666667
1147,0.5406,0.7775,98.28583334
1148,0.5344,0.781666667,98.275
1149,0.5282,0.785833334,98.26678572
1150,0.522,0.79,98.25857143
1151,0.5158,0.793333334,98.25261905
1152,0.5096,0.796666667,98.24666667
1153,0.5034,0.7975,98.24916667
1154,0.4972,0.798333333,98.25166667
1155,0.491,0.799166667,98.25666667
1156,0.4848,0.8,98.26166667
1157,0.4786,0.801428572,98.27297619
1158,0.4724,0.802857143,98.28428571
1159,0.4662,0.804761905,98.30214286
1160,0.46,0.806666667,98.32
1161,0.4645,0.808333334,98.33833334
1162,0.469,0.81,98.35666667
1163,0.4735,0.8125,98.37333334
1164,0.478,0.815,98.39
1165,0.4825,0.820357143,98.38785715
1166,0.525,0.825714286,98.38571429
1167,0.5675,0.831190477,98.38119048
1168,0.61,0.836666667,98.37666667
1169,0.6525,0.840833334,98.3525
1170,0.695,0.845,98.32833333
1171,0.7375,0.85,98.295
1172,0.78,0.855,98.26166667
1173,0.8225,0.863214286,98.21511905
1174,0.865,0.871428571,98.16857143
1175,0.9075,0.879047619,98.13095238
1176,0.9501,0.886666667,98.09333333
1177,0.9927,0.8925,98.0725
1178,1.0353,0.898333333,98.05166667
1179,1.0779,0.904166667,98.03666667
1180,1.1205,0.91,98.02166667
1181,1.0618,0.919285715,98.00940477
1182,1.0031,0.928571429,97.99714286
1183,0.9444,0.937619048,97.99107143
1184,0.8857,0.946666667,97.985
1185,0.827,0.9525,97.97916667
1186,0.7512,0.958333333,97.97333333
1187,0.6754,0.9625,97.9675
1188,0.5996,0.966666667,97.96166667
1189,0.5238,0.971904762,97.95797619
1190,0.448,0.977142857,97.95428571
1191,0.4458,0.981904762,97.95047619
1192,0.4436,0.986666667,97.94666667
1193,0.4414,0.989166667,97.93833334
1194,0.4392,0.991666667,97.93
1195,0.437,0.995,97.92166667
1196,0.4348,0.998333333,97.91333333
1197,0.4326,1.004880952,97.9002381
1198,0.4304,1.011428571,97.88714286
1199,0.4282,1.017380952,97.87107143
1200,0.426,1.023333333,97.855
1201,0.4238,1.0275,97.84416667
1202,0.4216,1.031666667,97.83333333
1203,0.4194,1.035,97.82916667
1204,0.4172,1.038333333,97.825
1205,0.415,1.041666667,97.83
1206,0.4128,1.045,97.835
1207,0.4106,1.0525,97.85
1208,0.4084,1.06,97.865
1209,0.4062,1.064166667,97.87166667
1210,0.404,1.068333333,97.87833333
1211,0.4018,1.071666667,97.87916667
1212,0.3996,1.075,97.88
1213,0.3974,1.078333334,97.88
1214,0.3952,1.081666667,97.88
1215,0.393,1.083690477,97.87
1216,0.391,1.085714286,97.86
1217,0.389,1.086190477,97.84833334
1218,0.387,1.086666667,97.83666667
1219,0.385,1.085833334,97.8325
1220,0.383,1.085,97.82833333
1221,0.383,1.085,97.82666667
1222,0.383,1.085,97.825
1223,0.383,1.085357143,97.81035715
1224,0.383,1.085714286,97.79571429
1225,0.383,1.086190477,97.78202381
1226,0.383,1.086666667,97.76833333
1227,0.383,1.0875,97.7525
1228,0.383,1.088333333,97.73666667
1229,0.383,1.089166667,97.72083334
1230,0.383,1.09,97.705
1231,0.383,1.091428572,97.67107143
1232,0.383,1.092857143,97.63714286
1233,0.383,1.093928572,97.60940477
1234,0.383,1.095,97.58166667
1235,0.383,1.095833334,97.565
1236,0.383,1.096666667,97.54833333
1237,0.383,1.0975,97.5325
1238,0.383,1.098333333,97.51666667
1239,0.383,1.099166667,97.49761905
1240,0.383,1.1,97.47857143
1241,0.383,1.1,97.46511905
1242,0.383,1.1,97.45166667
1243,0.383,1.1,97.43833334
1244,0.383,1.1,97.425
1245,0.383,1.1,97.4125
1246,0.383,1.1,97.4
1247,0.383,1.1,97.40071429
1248,0.383,1.1,97.40142857
1249,0.383,1.100833334,97.39738095
1250,0.383,1.101666667,97.39333333
1251,0.383,1.1025,97.3925
1252,0.383,1.103333333,97.39166667
1253,0.383,1.104166667,97.39166667
1254,0.383,1.105,97.39166667
1255,0.383,1.1075,97.37797619
1256,0.3933,1.11,97.36428571
1257,0.4036,1.1125,97.34130952
1258,0.4139,1.115,97.31833333
1259,0.4242,1.115833334,97.30416667
1260,0.4345,1.116666667,97.29
1261,0.4585,1.1175,97.2775
1262,0.4825,1.118333333,97.265
1263,0.5065,1.119166667,97.24107143
1264,0.5305,1.12,97.21714286
1265,0.5545,1.119166667,97.19190477
1266,0.5784,1.118333333,97.16666667
1267,0.6023,1.1175,97.14666667
1268,0.6262,1.116666667,97.12666667
1269,0.6501,1.115,97.09916667
1270,0.674,1.113333333,97.07166667
1271,0.6973,1.108809524,97.04440477
1272,0.7206,1.104285714,97.01714286
1273,0.7439,1.098809524,96.99607143
1274,0.7672,1.093333333,96.975
1275,0.7905,1.09,96.97083334
1276,0.7588,1.086666667,96.96666667
1277,0.7271,1.0825,96.96
1278,0.6954,1.078333333,96.95333333
1279,0.6637,1.07202381,96.94880952
1280,0.632,1.065714286,96.94428571
1281,0.6003,1.060357143,96.94130952
1282,0.5686,1.055,96.93833333
1283,0.5369,1.051666667,96.93083333
1284,0.5052,1.048333333,96.92333333
1285,0.4735,1.045,96.91916667
1286,0.4418,1.041666667,96.915
1287,0.4101,1.038690477,96.92035715
1288,0.3784,1.035714286,96.92571429
1289,0.3467,1.032857143,96.92285715
1290,0.315,1.03,96.92
1291,0.3054,1.028333334,96.90916667
1292,0.2958,1.026666667,96.89833333
1293,0.2862,1.025476191,96.88059524
1294,0.2766,1.024285714,96.86285714
1295,0.267,1.023571429,96.85428572
1296,0.2724,1.022857143,96.84571429
1297,0.2778,1.021428572,96.82119048
1298,0.2832,1.02,96.79666667
1299,0.2886,1.019166667,96.79166667
1300,0.294,1.018333333,96.78666667
1301,0.2994,1.01702381,96.78904762
1302,0.3048,1.015714286,96.79142857
1303,0.3102,1.013690477,96.79821429
1304,0.3156,1.011666667,96.805
1305,0.321,1.01,96.815
1306,0.3295,1.008333333,96.825
1307,0.338,1.006666667,96.84166667
1308,0.3465,1.005,96.85833333
1309,0.355,1.0025,96.87988095
1310,0.3635,1,96.90142857
1311,0.3859,0.996666667,96.92404762
1312,0.4083,0.993333333,96.94666667
1313,0.4307,0.990833333,96.95916667
1314,0.4531,0.988333333,96.97166667
1315,0.4755,0.985,96.97333334
1316,0.4979,0.981666667,96.975
1317,0.5203,0.975119048,96.9575
1318,0.5427,0.968571429,96.94
1319,0.5651,0.961785715,96.92666667
1320,0.5875,0.955,96.91333333
1321,0.61,0.95,96.89333333
1322,0.6325,0.945,96.87333333
1323,0.655,0.94,96.84333333
1324,0.6775,0.935,96.81333333
1325,0.7,0.928214286,96.75809524
1326,0.6958,0.921428571,96.70285714
1327,0.6916,0.914880952,96.65392857
1328,0.6874,0.908333333,96.605
1329,0.6832,0.904166667,96.565
1330,0.679,0.9,96.525
1331,0.6667,0.896666667,96.49
1332,0.6544,0.893333333,96.455
1333,0.6421,0.888809524,96.43178572
1334,0.6298,0.884285714,96.40857143
1335,0.6175,0.879642857,96.38095238
1336,0.6051,0.875,96.35333333
1337,0.5927,0.8725,96.3325
1338,0.5803,0.87,96.31166667
1339,0.5679,0.868333334,96.29083334
1340,0.5555,0.866666667,96.27
1341,0.5431,0.863333334,96.24928572
1342,0.5307,0.86,96.22857143
1343,0.5183,0.8575,96.19595238
1344,0.5059,0.855,96.16333333
1345,0.4935,0.854166667,96.15083333
1346,0.4812,0.853333333,96.13833333
1347,0.4689,0.8525,96.12666667
1348,0.4566,0.851666667,96.115
1349,0.4443,0.850833334,96.07535715
1350,0.432,0.85,96.03571429
1351,0.4255,0.85,95.98702381
1352,0.419,0.85,95.93833333
1353,0.4125,0.85,95.90166667
1354,0.406,0.85,95.865
1355,0.3995,0.85,95.83166667
1356,0.3964,0.85,95.79833333
1357,0.3933,0.85,95.74559524
1358,0.3902,0.85,95.69285714
1359,0.3871,0.849166667,95.63976191
1360,0.384,0.848333333,95.58666667
1361,0.3869,0.8475,95.54333334
1362,0.3898,0.846666667,95.5
1363,0.3927,0.845833334,95.435
1364,0.3956,0.845,95.37
1365,0.3985,0.843214286,95.19428572
1366,0.4737,0.841428571,95.01857143
1367,0.5489,0.839047619,94.80678572
1368,0.6241,0.836666667,94.595
1369,0.6993,0.835,94.39583334
1370,0.7745,0.833333333,94.19666667
1371,0.8298,0.830238095,93.82119048
1372,0.8851,0.827142857,93.44571429
1373,0.9404,0.824285714,93.18428572
1374,0.9957,0.821428571,92.92285714
1375,1.051,0.816547619,92.51392857
1376,1.0726,0.811666667,92.105
1377,1.0942,0.806666667,91.8425
1378,1.1158,0.801666667,91.58
1379,1.1374,0.789404762,91.26071429
1380,1.159,0.777142857,90.94142857
1381,1.091,0.761071429,90.68321429
1382,1.023,0.745,90.425
1383,0.955,0.729166667,90.35166667
1384,0.887,0.713333333,90.27833333
1385,0.819,0.693333333,90.27833333
1386,0.78478,0.673333333,90.27833333
1387,0.75056,0.63452381,90.46059524
1388,0.71634,0.595714286,90.64285714
1389,0.68212,0.553690477,90.90642857
1390,0.6479,0.511666667,91.17
1391,0.62027,0.480833334,91.43416667
1392,0.59264,0.45,91.69833333
1393,0.56501,0.418333334,91.98416667
1394,0.53738,0.386666667,92.27
1395,0.50975,0.340476191,92.72571429
1396,0.4942,0.294285714,93.18142857
1397,0.47865,0.250476191,93.64571429
1398,0.4631,0.206666667,94.11
1399,0.44755,0.181666667,94.4
1400,0.432,0.156666667,94.69
1401,0.4289,0.135,94.96083334
1402,0.4258,0.113333333,95.23166667
1403,0.4227,0.090952381,95.59226191
1404,0.4196,0.068571429,95.95285714
1405,0.4165,0.050952381,96.27726191
1406,0.413,0.033333333,96.60166667
1407,0.4095,0.026666667,96.76
1408,0.406,0.02,96.91833333
1409,0.4025,0.014285715,97.10416667
1410,0.399,0.008571429,97.29
1411,0.3952,0.005714286,97.39857143
1412,0.3914,0.002857143,97.50714286
1413,0.3876,0,97.63357143
1414,0.3838,0,97.76
1415,0.38,0,97.82583334
1416,0.3761,0,97.89166667
1417,0.3722,0,97.97297619
1418,0.3683,0,98.05428571
1419,0.3644,0,98.12130952
1420,0.3605,0,98.18833333
1421,0.3596,0,98.22083333
1422,0.3587,0,98.25333333
1423,0.3578,0,98.285
1424,0.3569,0,98.31666667
1425,0.356,0,98.36047619
1426,0.3768,0,98.40428571
1427,0.3976,0,98.44714286
1428,0.4184,0,98.49
1429,0.4392,0,98.525
1430,0.46,0,98.56
1431,0.4809,0,98.6
1432,0.5018,0,98.64
1433,0.5227,0,98.705
1434,0.5436,0,98.77
1435,0.5645,0,98.84333334
1436,0.5854,0,98.91666667
1437,0.6063,0,98.97
1438,0.6272,0,99.02333333
1439,0.6481,0,99.09380952
1440,0.669,0,99.16428571
1441,0.6611,0,99.20785714
1442,0.6532,0,99.25142857
1443,0.6453,0,99.31238095
1444,0.6374,0,99.37333333
1445,0.6295,0,99.4
1446,0.6094,0,99.42666667
1447,0.5893,0,99.43976191
1448,0.5692,0,99.45285714
1449,0.5491,0,99.45809524
1450,0.529,0,99.46333333
1451,0.5104,0,99.45166667
1452,0.4918,0,99.44
1453,0.4732,0,99.43
1454,0.4546,0,99.42
1455,0.436,0,99.41285715
1456,0.4221,0,99.40571429
1457,0.4082,0,99.40285715
1458,0.3943,0,99.4
1459,0.3804,0,99.40666667
1460,0.3665,0,99.41333333
1461,0.3643,0,99.42583333
1462,0.3621,0,99.43833333
1463,0.3599,0,99.44559524
1464,0.3577,0,99.45285714
1465,0.3555,0,99.45892857
1466,0.3533,0,99.465
1467,0.3511,0,99.47083334
1468,0.3489,0,99.47666667
1469,0.3467,0,99.48619048
1470,0.3445,0,99.49571429
1471,0.3423,0,99.50142858
1472,0.3401,0,99.50714286
1473,0.3379,0,99.52357143
1474,0.3357,0,99.54
1475,0.3335,0,99.5575
1476,0.3313,0,99.575
1477,0.3291,0,99.58964286
1478,0.3269,0,99.60428571
1479,0.3247,0,99.62130952
1480,0.3225,0,99.63833333
1481,0.3203,0,99.6475
1482,0.3181,0,99.65666667
1483,0.3159,0,99.66833334
1484,0.3137,0,99.68
1485,0.3115,0,99.69214286
1486,0.3123,0,99.70428571
1487,0.3131,0,99.71797619
1488,0.3139,0,99.73166667
1489,0.3147,0,99.73083334
1490,0.3155,0,99.73
1491,0.3233,0,99.70785715
1492,0.3311,0,99.68571429
1493,0.3389,0,99.66214286
1494,0.3467,0,99.63857143
1495,0.3545,0,99.60261905
1496,0.3622,0,99.56666667
1497,0.3699,0,99.54666667
1498,0.3776,0,99.52666667
1499,0.3853,0,99.51047619
1500,0.393,0,99.49428571
1501,0.4007,0,99.48547619
1502,0.4084,0,99.47666667
1503,0.4161,0,99.48916667
1504,0.4238,0,99.50166667
1505,0.4315,0,99.51940477
1506,0.4255,0,99.53714286
1507,0.4195,0,99.54928572
1508,0.4135,0,99.56142857
1509,0.4075,0,99.59321429
1510,0.4015,0,99.625
1511,0.3938,0,99.65333334
1512,0.3861,0,99.68166667
1513,0.3784,0,99.71654762
1514,0.3707,0,99.75142857
1515,0.363,0,99.78404762
1516,0.3552,0,99.81666667
1517,0.3474,0,99.8275
1518,0.3396,0,99.83833333
1519,0.3318,0,99.83583333
1520,0.324,0,99.83333333
1521,0.3195,0,99.8252381
1522,0.315,0,99.81714286
1523,0.3105,0,99.80357143
1524,0.306,0,99.79
1525,0.3015,0,99.78916667
1526,0.3004,0,99.78833333
1527,0.2993,0,99.79488095
1528,0.2982,0,99.80142857
1529,0.2971,0,99.80285714
1530,0.296,0,99.80428571
1531,0.295,0,99.80214286
1532,0.294,0,99.8
1533,0.293,0,99.8
1534,0.292,0,99.8
1535,0.291,0,99.78571429
1536,0.29,0,99.77142857
1537,0.289,0,99.74654762
1538,0.288,0,99.72166667
1539,0.287,0,99.70416667
1540,0.286,0,99.68666667
1541,0.2849,0,99.66190477
1542,0.2838,0,99.63714286
1543,0.2827,0,99.62071429
1544,0.2816,0,99.60428571
1545,0.2805,0,99.57464286
1546,0.2837,0,99.545
1547,0.2869,0,99.53416667
1548,0.2901,0,99.52333333
1549,0.2933,0,99.53095238
1550,0.2965,0,99.53857143
1551,0.3073,0,99.55261905
1552,0.3181,0,99.56666667
1553,0.3289,0,99.5875
1554,0.3397,0,99.60833333
1555,0.3505,0,99.64916667
1556,0.3613,0,99.69
1557,0.3721,0,99.71214286
1558,0.3829,0,99.73428571
1559,0.3937,0,99.75797619
1560,0.4045,0,99.78166667
1561,0.4153,0,99.78083334
1562,0.4261,0,99.78
1563,0.4369,0,99.77214286
1564,0.4477,0,99.76428571
1565,0.4585,0,99.74880952
1566,0.4487,0,99.73333333
1567,0.4389,0,99.72333333
1568,0.4291,0,99.71333333
1569,0.4193,0,99.71666667
1570,0.4095,0,99.72
1571,0.3981,0,99.73142857
1572,0.3867,0,99.74285714
1573,0.3753,0,99.76226191
1574,0.3639,0,99.78166667
1575,0.3525,0,99.80583334
1576,0.3446,0,99.83
1577,0.3367,0.000714286,99.865
1578,0.3288,0.001428571,99.9
1579,0.3209,0.001547619,99.93583334
1580,0.313,0.001666667,99.97166667
1581,0.3108,0.0025,99.98166667
1582,0.3086,0.003333333,99.99166667
1583,0.3064,0.003095238,99.98511905
1584,0.3042,0.002857143,99.97857143
1585,0.302,0.002857143,99.965
1586,0.2998,0.002857143,99.95142857
1587,0.2976,0.002261905,99.91571429
1588,0.2954,0.001666667,99.88
1589,0.2932,0.001666667,99.8325
1590,0.291,0.001666667,99.785
1591,0.2888,0.001547619,99.70321429
1592,0.2866,0.001428571,99.62142857
1593,0.2844,0.001547619,99.54071429
1594,0.2822,0.001666667,99.46
1595,0.28,0.001666667,99.41333334
1596,0.2777,0.001666667,99.36666667
1597,0.2754,0.002261905,99.33333334
1598,0.2731,0.002857143,99.3
1599,0.2708,0.003571429,99.28714286
1600,0.2685,0.004285714,99.27428571
1601,0.2663,0.003809524,99.27880952
1602,0.2641,0.003333333,99.28333333
1603,0.2619,0.004166667,99.29916667
1604,0.2597,0.005,99.315
1605,0.2575,0.006071429,99.35035715
1606,0.2586,0.007142857,99.38571429
1607,0.2597,0.006904762,99.42702381
1608,0.2608,0.006666667,99.46833333
1609,0.2619,0.005833334,99.50916667
1610,0.263,0.005,99.55
1611,0.2692,0.004642857,99.605
1612,0.2754,0.004285714,99.66
1613,0.2816,0.003571429,99.68071429
1614,0.2878,0.002857143,99.70142857
1615,0.294,0.002261905,99.73071429
1616,0.2948,0.001666667,99.76
1617,0.2956,0.0025,99.75916667
1618,0.2964,0.003333333,99.75833333
1619,0.2972,0.00452381,99.71202381
1620,0.298,0.005714286,99.66571429
1621,0.2963,0.00702381,99.60619048
1622,0.2946,0.008333333,99.54666667
1623,0.2929,0.009166667,99.51833334
1624,0.2912,0.01,99.49
1625,0.2895,0.01,99.45285715
1626,0.2877,0.01,99.41571429
1627,0.2859,0.01,99.38714286
1628,0.2841,0.01,99.35857143
1629,0.2823,0.01,99.32928572
1630,0.2805,0.01,99.3
1631,0.2788,0.01,99.29142857
1632,0.2771,0.01,99.28285714
1633,0.2754,0.01,99.27928572
1634,0.2737,0.01,99.27571429
1635,0.272,0.009166667,99.27785715
1636,0.2703,0.008333333,99.28
1637,0.2686,0.008333333,99.30083334
1638,0.2669,0.008333333,99.32166667
1639,0.2652,0.008452381,99.37011905
1640,0.2635,0.008571429,99.41857143
1641,0.2618,0.008452381,99.44928572
1642,0.2601,0.008333333,99.48
1643,0.2584,0.008333333,99.4775
1644,0.2567,0.008333333,99.475
1645,0.255,0.009166667,99.45464286
1646,0.2533,0.01,99.43428571
1647,0.2516,0.01,99.42857143
1648,0.2499,0.01,99.42285714
1649,0.2482,0.01,99.40059524
1650,0.2465,0.01,99.37833333
1651,0.2448,0.01,99.38916667
1652,0.2431,0.01,99.4
1653,0.2414,0.009285715,99.41142857
1654,0.2397,0.008571429,99.42285714
1655,0.238,0.008452381,99.43476191
1656,0.2375,0.008333333,99.44666667
1657,0.237,0.008333333,99.43916667
1658,0.2365,0.008333333,99.43166667
1659,0.236,0.007738095,99.43869048
1660,0.2355,0.007142857,99.44571429
1661,0.2351,0.006904762,99.45952381
1662,0.2347,0.006666667,99.47333333
1663,0.2343,0.0075,99.4925
1664,0.2339,0.008333333,99.51166667
1665,0.2335,0.008452381,99.53297619
1666,0.233,0.008571429,99.55428571
1667,0.2325,0.009285715,99.55714286
1668,0.232,0.01,99.56
1669,0.2315,0.010833334,99.53666667
1670,0.231,0.011666667,99.51333333
1671,0.2306,0.012261905,99.4352381
1672,0.2302,0.012857143,99.35714286
1673,0.2298,0.014285715,99.30142858
1674,0.2294,0.015714286,99.24571429
1675,0.229,0.01702381,99.15202381
1676,0.2285,0.018333333,99.05833333
1677,0.228,0.019166667,98.99166667
1678,0.2275,0.02,98.925
1679,0.227,0.022142857,98.79178572
1680,0.2265,0.024285714,98.65857143
1681,0.2261,0.025476191,98.50761905
1682,0.2257,0.026666667,98.35666667
1683,0.2253,0.026666667,98.22833334
1684,0.2249,0.026666667,98.1
1685,0.2245,0.026904762,97.91785715
1686,0.2242,0.027142857,97.73571429
1687,0.2239,0.026428572,97.61714286
1688,0.2236,0.025714286,97.49857143
1689,0.2233,0.026190477,97.32595238
1690,0.223,0.026666667,97.15333333
1691,0.2228,0.023333334,97.00238095
1692,0.2226,0.02,96.85142857
1693,0.2224,0.017857143,96.75357143
1694,0.2222,0.015714286,96.65571429
1695,0.222,0.01452381,96.50285715
1696,0.2217,0.013333333,96.35
1697,0.2214,0.011666667,96.24916667
1698,0.2211,0.01,96.14833333
1699,0.2208,0.008571429,96.00416667
1700,0.2205,0.007142857,95.86
